no,code,company_name,listing_date,shares,listing_board
1,AALI,Astra Agro Lestari Tbk.,09 Dec 1997,"1,924,688,333",Main
2,ABBA,Mahaka Media Tbk.,03 Apr 2002,"3,935,892,857",Watchlist
3,ABDA,Asuransi Bina Dana Arta Tbk.,06 Jul 1989,"620,806,680",Watchlist
4,ABMM,ABM Investama Tbk.,06 Dec 2011,"2,753,165,000",Main
5,ACES,Aspirasi Hidup Indonesia Tbk.,06 Nov 2007,"17,120,389,700",Main
6,ACST,Acset Indonusa Tbk.,24 Jun 2013,"17,675,160,000",Development
7,ADES,Akasha Wira International Tbk.,13 Jun 1994,"589,896,800",Development
8,ADHI,Adhi Karya (Persero) Tbk.,18 Mar 2004,"8,407,608,979",Main
9,ADMF,Adira Dinamika Multi Finance T,31 Mar 2004,"1,235,803,109",Development
10,ADMG,Polychem Indonesia Tbk,20 Oct 1993,"3,889,179,559",Development
11,ADRO,Alamtri Resources Indonesia Tb,16 Jul 2008,"29,389,689,400",Main
12,AGII,Samator Indo Gas Tbk.,28 Sep 2016,"3,066,660,000",Development
13,AGRO,Bank Raya Indonesia Tbk.,08 Agt 2003,"24,493,093,216",Main
14,AGRS,Bank IBK Indonesia Tbk.,22 Dec 2014,"47,367,057,874",Development
15,AHAP,Asuransi Harta Aman Pratama Tb,14 Sep 1990,"4,900,000,000",Development
16,AIMS,Artha Mahiya Investama Tbk.,20 Jul 2001,"220,000,000",Development
17,AISA,FKS Food Sejahtera Tbk.,11 Jun 1997,"9,311,800,000",Main
18,AKKU,Anugerah Kagum Karya Utama Tbk,01 Nov 2004,"6,449,463,636",Watchlist
19,AKPI,Argha Karya Prima Industry Tbk,18 Dec 1992,"612,248,000",Development
20,AKRA,AKR Corporindo Tbk.,03 Oct 1994,"20,073,474,600",Main
21,AKSI,Mineral Sumberdaya Mandiri Tbk,13 Jul 2001,"720,000,000",Development
22,ALDO,Alkindo Naratama Tbk.,12 Jul 2011,"2,700,713,744",Development
23,ALKA,Alakasa Industrindo Tbk,12 Jul 1990,"507,665,055",Development
24,ALMI,Alumindo Light Metal Industry ,02 Jan 1997,"3,816,000,000",Watchlist
25,ALTO,Tri Banyan Tirta Tbk.,10 Jul 2012,"2,191,870,558",Watchlist
26,AMAG,Asuransi Multi Artha Guna Tbk.,23 Dec 2005,"5,001,552,516",Development
27,AMFG,Asahimas Flat Glass Tbk.,08 Nov 1995,"434,000,000",Development
28,AMIN,Ateliers Mecaniques D Indonesi,10 Dec 2015,"1,080,000,000",Development
29,AMRT,Sumber Alfaria Trijaya Tbk.,15 Jan 2009,"41,524,501,700",Main
30,ANJT,Austindo Nusantara Jaya Tbk.,08 May 2013,"3,354,175,000",Development
31,ANTM,Aneka Tambang Tbk.,27 Nov 1997,"24,030,764,725",Main
32,APEX,Apexindo Pratama Duta Tbk.,05 Jun 2013,"3,546,466,661",Development
33,APIC,Pacific Strategic Financial Tb,18 Dec 2002,"11,766,313,488",Development
34,APII,Arita Prima Indonesia Tbk.,29 Oct 2013,"1,075,760,000",Development
35,APLI,Asiaplast Industries Tbk.,01 May 2000,"1,362,671,400",Development
36,APLN,Agung Podomoro Land Tbk.,11 Nov 2010,"22,699,326,779",Main
37,ARGO,Argo Pantes Tbk,07 Jan 1991,"3,174,339,029",Development
38,ARII,Atlas Resources Tbk.,08 Nov 2011,"3,431,000,000",Development
39,ARNA,Arwana Citramulia Tbk.,17 Jul 2001,"7,341,430,976",Main
40,ARTA,Arthavest Tbk,05 Nov 2002,"446,674,175",Development
41,ARTI,Ratu Prabu Energi Tbk,30 Apr 2003,"7,840,000,000",Watchlist
42,ARTO,Bank Jago Tbk.,12 Jan 2016,"13,722,768,400",Main
43,ASBI,Asuransi Bintang Tbk.,29 Nov 1989,"348,386,472",Development
44,ASDM,Asuransi Dayin Mitra Tbk.,15 Dec 1989,"384,000,000",Development
45,ASGR,Astra Graphia Tbk.,15 Nov 1989,"1,348,780,500",Main
46,ASII,Astra International Tbk.,04 Apr 1990,"40,483,553,140",Main
47,ASJT,Asuransi Jasa Tania Tbk.,23 Dec 2003,"1,400,000,000",Development
48,ASMI,Asuransi Maximus Graha Persada,16 Jan 2014,"8,958,380,460",Watchlist
49,ASRI,Alam Sutera Realty Tbk.,18 Dec 2007,"19,649,411,888",Main
50,ASRM,Asuransi Ramayana Tbk.,19 Mar 1990,"1,277,992,036",Development
51,ASSA,Adi Sarana Armada Tbk.,12 Nov 2012,"3,691,137,517",Main
52,ATIC,Anabatic Technologies Tbk.,08 Jul 2015,"2,315,361,355",Development
53,AUTO,Astra Otoparts Tbk.,15 Jun 1998,"4,819,733,000",Main
54,BABP,Bank MNC Internasional Tbk.,15 Jul 2002,"44,014,333,126",Development
55,BACA,Bank Capital Indonesia Tbk.,04 Oct 2007,"19,753,494,636",Main
56,BAJA,Saranacentral Bajatama Tbk.,21 Dec 2011,"1,800,000,000",Development
57,BALI,Bali Towerindo Sentra Tbk.,13 Mar 2014,"3,934,592,500",Main
58,BAPA,Bekasi Asri Pemula Tbk.,14 Jan 2008,"661,784,520",Development
59,BATA,Sepatu Bata Tbk.,24 Mar 1982,"1,300,000,000",Watchlist
60,BAYU,Bayu Buana Tbk,30 Oct 1989,"353,220,780",Main
61,BBCA,Bank Central Asia Tbk.,31 May 2000,"122,042,299,500",Main
62,BBHI,Allo Bank Indonesia Tbk.,12 Agt 2015,"21,512,953,877",Main
63,BBKP,Bank KB Indonesia Tbk.,10 Jul 2006,"185,819,884,852",Development
64,BBLD,Buana Finance Tbk.,07 May 1990,"1,645,796,054",Development
65,BBMD,Bank Mestika Dharma Tbk.,08 Jul 2013,"4,049,189,100",Development
66,BBNI,Bank Negara Indonesia (Persero,25 Nov 1996,"36,924,339,786",Main
67,BBRI,Bank Rakyat Indonesia (Persero,10 Nov 2003,"150,043,411,587",Main
68,BBRM,Pelayaran Nasional Bina Buana ,09 Jan 2013,"8,479,490,328",Development
69,BBTN,Bank Tabungan Negara (Persero),17 Dec 2009,"13,894,099,969",Main
70,BBYB,Bank Neo Commerce Tbk.,13 Jan 2015,"13,216,977,523",Main
71,BCAP,MNC Kapital Indonesia Tbk.,08 Jun 2001,"42,618,850,927",Main
72,BCIC,Bank JTrust Indonesia Tbk.,25 Jun 1997,"17,926,071,041",Development
73,BCIP,Bumi Citra Permai Tbk.,11 Dec 2009,"1,429,915,525",Development
74,BDMN,Bank Danamon Indonesia Tbk.,06 Dec 1989,"9,675,817,341",Main
75,BEKS,Bank Pembangunan Daerah Banten,13 Jul 2001,"51,351,733,883",Watchlist
76,BEST,Bekasi Fajar Industrial Estate,10 Apr 2012,"9,647,311,150",Main
77,BFIN,BFI Finance  Indonesia Tbk.,16 May 1990,"15,039,383,620",Main
78,BGTG,Bank Ganesha Tbk.,12 May 2016,"23,731,287,132",Main
79,BHIT,MNC Asia Holding Tbk.,24 Nov 1997,"86,068,156,705",Watchlist
80,BIKA,Binakarya Jaya Abadi Tbk.,14 Jul 2015,"592,280,000",Watchlist
81,BIMA,Primarindo Asia Infrastructure,30 Agt 1994,"608,175,716",Watchlist
82,BINA,Bank Ina Perdana Tbk.,16 Jan 2014,"6,073,369,498",Main
83,BIPI,Astrindo Nusantara Infrastrukt,11 Feb 2010,"63,710,196,917",Development
84,BIPP,Bhuwanatala Indah Permai Tbk.,23 Oct 1995,"5,028,669,376",Watchlist
85,BIRD,Blue Bird Tbk.,05 Nov 2014,"2,502,100,000",Main
86,BISI,BISI International Tbk.,28 May 2007,"3,000,000,000",Main
87,BJBR,Bank Pembangunan Daerah Jawa B,08 Jul 2010,"10,416,229,249",Main
88,BJTM,Bank Pembangunan Daerah Jawa T,12 Jul 2012,"14,865,343,101",Main
89,BKDP,Bukit Darmo Property Tbk,15 Jun 2007,"7,513,992,252",Watchlist
90,BKSL,Sentul City Tbk.,28 Jul 1997,"167,708,902,705",Main
91,BKSW,Bank QNB Indonesia Tbk.,21 Nov 2002,"34,806,467,881",Development
92,BLTA,Berlian Laju Tanker Tbk,26 Mar 1990,"25,940,187,103",Watchlist
93,BLTZ,Graha Layar Prima Tbk.,10 Apr 2014,"873,937,142",Watchlist
94,BMAS,Bank Maspion Indonesia Tbk.,11 Jul 2013,"17,921,635,680",Development
95,BMRI,Bank Mandiri (Persero) Tbk.,14 Jul 2003,"92,399,999,996",Main
96,BMSR,Bintang Mitra Semestaraya Tbk,29 Dec 1999,"1,159,200,024",Development
97,BMTR,Global Mediacom Tbk.,17 Jul 1995,"16,583,997,586",Main
98,BNBA,Bank Bumi Arta Tbk.,01 Jun 2006,"3,354,120,000",Development
99,BNBR,Bakrie & Brothers Tbk,28 Agt 1989,"173,416,832,509",Watchlist
100,BNGA,Bank CIMB Niaga Tbk.,29 Nov 1989,"24,890,783,784",Main
101,BNII,Bank Maybank Indonesia Tbk.,21 Nov 1989,"75,357,433,911",Main
102,BNLI,Bank Permata Tbk.,15 Jan 1990,"35,819,545,925",Main
103,BOLT,Garuda Metalindo Tbk.,07 Jul 2015,"2,343,750,000",Development
104,BPFI,Woori Finance Indonesia Tbk.,01 Jun 2009,"2,673,995,362",Development
105,BPII,Batavia Prosperindo Internasio,08 Jul 2014,"10,309,973,240",Development
106,BRAM,Indo Kordsa Tbk.,05 Sep 1990,"450,056,980",Development
107,BRMS,Bumi Resources Minerals Tbk.,09 Dec 2010,"141,784,040,338",Main
108,BRNA,Berlina Tbk.,06 Nov 1989,"979,110,000",Development
109,BRPT,Barito Pacific Tbk.,01 Oct 1993,"93,747,218,044",Main
110,BSDE,Bumi Serpong Damai Tbk.,06 Jun 2008,"21,171,365,812",Main
111,BSIM,Bank Sinarmas Tbk.,13 Dec 2010,"19,517,921,842",Main
112,BSSR,Baramulti Suksessarana Tbk.,08 Nov 2012,"2,616,500,000",Development
113,BSWD,Bank Of India Indonesia Tbk.,01 May 2002,"3,651,978,177",Watchlist
114,BTEK,Bumi Teknokultura Unggul Tbk,14 May 2004,"46,277,496,376",Watchlist
115,BTEL,Bakrie Telecom Tbk.,03 Feb 2006,"36,822,665,755",Watchlist
116,BTON,Betonjaya Manunggal Tbk.,18 Jul 2001,"720,000,000",Development
117,BTPN,Bank SMBC Indonesia Tbk.,12 Mar 2008,"10,536,203,690",Main
118,BUDI,Budi Starch & Sweetener Tbk.,08 May 1995,"4,498,997,362",Main
119,BUKK,Bukaka Teknik Utama Tbk.,29 Jun 2015,"2,640,452,000",Main
120,BULL,Buana Lintas Lautan Tbk.,23 May 2011,"15,494,436,593",Development
121,BUMI,Bumi Resources Tbk.,30 Jul 1990,"371,335,392,068",Main
122,BUVA,Bukit Uluwatu Villa Tbk.,12 Jul 2010,"24,617,054,642",Development
123,BVIC,Bank Victoria International Tb,30 Jun 1999,"18,234,757,054",Main
124,BWPT,Eagle High Plantations Tbk.,27 Oct 2009,"31,525,291,000",Main
125,BYAN,Bayan Resources Tbk.,12 Agt 2008,"33,333,335,000",Main
126,CANI,Capitol Nusantara Indonesia Tb,16 Jan 2014,"833,440,000",Watchlist
127,CASS,Cahaya Aero Services Tbk.,05 Dec 2011,"2,086,950,000",Main
128,CEKA,Wilmar Cahaya Indonesia Tbk.,09 Jul 1996,"595,000,000",Development
129,CENT,Centratama Telekomunikasi Indo,01 Nov 2001,"31,183,464,900",Development
130,CFIN,Clipan Finance Indonesia Tbk.,27 Agt 1990,"3,984,520,457",Main
131,CINT,Chitose Internasional Tbk.,27 Jun 2014,"1,000,000,000",Development
132,CITA,Cita Mineral Investindo Tbk.,20 Mar 2002,"3,960,361,250",Main
133,CLPI,Colorpak Indonesia Tbk.,30 Nov 2001,"306,338,500",Development
134,CMNP,Citra Marga Nusaphala Persada ,10 Jan 1995,"6,696,354,391",Main
135,CMPP,AirAsia Indonesia Tbk.,08 Dec 1994,"10,685,124,441",Watchlist
136,CNKO,Exploitasi Energi Indonesia Tb,20 Nov 2001,"8,956,361,206",Watchlist
137,CNTX,Century Textile Industry Tbk.,22 May 1979,"70,000,000",Watchlist
138,COWL,Cowell Development Tbk.,19 Dec 2007,"4,871,214,021",Watchlist
139,CPIN,Charoen Pokphand Indonesia Tbk,18 Mar 1991,"16,398,000,000",Main
140,CPRO,Central Proteina Prima Tbk.,28 Nov 2006,"59,572,382,787",Development
141,CSAP,Catur Sentosa Adiprana Tbk.,12 Dec 2007,"5,683,175,151",Development
142,CTBN,Citra Tubindo Tbk.,28 Nov 1989,"800,371,500",Development
143,CTRA,Ciputra Development Tbk.,28 Mar 1994,"18,535,695,255",Main
144,CTTH,Citatah Tbk.,03 Jul 1996,"1,230,839,821",Development
145,DART,Duta Anggada Realty Tbk.,08 May 1990,"3,141,390,962",Development
146,DEFI,Danasupra Erapacific Tbk.,06 Jul 2001,"687,266,666",Watchlist
147,DEWA,Darma Henwa Tbk,26 Sep 2007,"40,687,434,244",Main
148,DGIK,Nusa Konstruksi Enjiniring Tbk,19 Dec 2007,"5,541,165,000",Development
149,DILD,Intiland Development Tbk.,04 Sep 1991,"10,365,854,185",Main
150,DKFT,Central Omega Resources Tbk.,21 Nov 1997,"5,638,246,600",Development
151,DLTA,Delta Djakarta Tbk.,27 Feb 1984,"800,659,050",Main
152,DMAS,Puradelta Lestari Tbk.,29 May 2015,"48,198,111,100",Main
153,DNAR,Bank Oke Indonesia Tbk.,11 Jul 2014,"16,721,891,185",Development
154,DNET,Indoritel Makmur Internasional,11 Dec 2000,"14,184,000,000",Main
155,DOID,BUMA Internasional Grup Tbk.,15 Jun 2001,"7,651,007,132",Main
156,DPNS,Duta Pertiwi Nusantara Tbk.,08 Agt 1990,"331,129,952",Development
157,DSFI,Dharma Samudera Fishing Indust,24 Mar 2000,"1,857,135,500",Development
158,DSNG,Dharma Satya Nusantara Tbk.,14 Jun 2013,"10,599,842,400",Main
159,DSSA,Dian Swastatika Sentosa Tbk,10 Dec 2009,"7,705,523,200",Main
160,DUTI,Duta Pertiwi Tbk,02 Nov 1994,"1,850,000,000",Development
161,DVLA,Darya-Varia Laboratoria Tbk.,11 Nov 1994,"1,120,000,000",Development
162,DYAN,Dyandra Media International Tb,25 Mar 2013,"4,272,964,279",Development
163,ECII,Electronic City Indonesia Tbk.,03 Jul 2013,"1,334,333,000",Development
164,EKAD,Ekadharma International Tbk.,14 Agt 1990,"3,493,875,000",Development
165,ELSA,Elnusa Tbk.,06 Feb 2008,"7,298,500,000",Main
166,ELTY,Bakrieland Development Tbk.,30 Oct 1995,"43,521,913,019",Watchlist
167,EMDE,Megapolitan Developments Tbk.,12 Jan 2011,"3,350,000,000",Development
168,EMTK,Elang Mahkota Teknologi Tbk.,12 Jan 2010,"61,426,451,483",Main
169,ENRG,Energi Mega Persada Tbk.,07 Jun 2004,"26,346,230,250",Main
170,EPMT,Enseval Putera Megatrading Tbk,01 Agt 1994,"2,708,640,000",Development
171,ERAA,Erajaya Swasembada Tbk.,14 Dec 2011,"15,950,000,000",Main
172,ERTX,Eratex Djaja Tbk.,21 Agt 1990,"1,286,539,792",Development
173,ESSA,ESSA Industries Indonesia Tbk.,01 Feb 2012,"17,226,975,700",Main
174,ESTI,Ever Shine Tex Tbk.,13 Oct 1992,"2,015,208,720",Development
175,ETWA,Eterindo Wahanatama Tbk,16 May 1997,"4,668,671,400",Watchlist
176,EXCL,XLSMART Telecom Sejahtera Tbk.,29 Sep 2005,"18,199,862,451",Main
177,FAST,Fast Food Indonesia Tbk.,11 May 1993,"4,523,610,492",Development
178,FASW,Fajar Surya Wisesa Tbk.,19 Dec 1994,"3,221,255,423",Watchlist
179,FISH,FKS Multi Agro Tbk.,18 Jan 2002,"4,800,000,000",Development
180,FMII,Fortune Mate Indonesia Tbk,30 Jun 2000,"6,400,000,000",Development
181,FORU,Fortune Indonesia Tbk,17 Jan 2002,"465,224,000",Development
182,FPNI,Lotte Chemical Titan Tbk.,21 Mar 2002,"5,566,414,000",Development
183,GAMA,Aksara Global Development Tbk.,11 Jul 2012,"10,011,027,656",Watchlist
184,GDST,Gunawan Dianjaya Steel Tbk.,23 Dec 2009,"9,242,500,000",Development
185,GDYR,Goodyear Indonesia Tbk.,22 Dec 1980,"410,000,000",Development
186,GEMA,Gema Grahasarana Tbk.,12 Agt 2002,"1,600,000,000",Development
187,GEMS,Golden Energy Mines Tbk.,17 Nov 2011,"5,882,353,000",Main
188,GGRM,Gudang Garam Tbk.,27 Agt 1990,"1,924,088,000",Main
189,GIAA,Garuda Indonesia (Persero) Tbk,11 Feb 2011,"407,091,703,837",Watchlist
190,GJTL,Gajah Tunggal Tbk.,08 May 1990,"3,484,800,000",Main
191,GLOB,Globe Kita Terang Tbk.,10 Jul 2012,"1,111,112,000",Watchlist
192,GMTD,Gowa Makassar Tourism Developm,11 Dec 2000,"1,015,380,000",Development
193,GOLD,Visi Telekomunikasi Infrastruk,07 Jul 2010,"1,277,276,000",Development
194,GOLL,Golden Plantation Tbk.,23 Dec 2014,"3,665,000,759",Watchlist
195,GPRA,Perdana Gapuraprima Tbk.,10 Oct 2007,"4,276,655,336",Development
196,GSMF,Equity Development Investment ,23 Oct 1989,"14,230,399,705",Development
197,GTBO,Garda Tujuh Buana Tbk,09 Jul 2009,"2,500,000,000",Development
198,GWSA,Greenwood Sejahtera Tbk.,23 Dec 2011,"7,800,760,000",Main
199,GZCO,Gozco Plantations Tbk.,15 May 2008,"6,000,000,000",Development
200,HADE,Himalaya Energi Perkasa Tbk.,12 Apr 2004,"2,120,000,000",Watchlist
201,HDFA,Radana Bhaskara Finance Tbk.,10 May 2011,"6,542,445,783",Development
202,HERO,DFI Retail Nusantara Tbk.,21 Agt 1989,"4,183,634,000",Development
203,HEXA,Hexindo Adiperkasa Tbk.,13 Feb 1995,"840,000,000",Main
204,HITS,Humpuss Intermoda Transportasi,15 Dec 1997,"7,101,084,801",Watchlist
205,HMSP,H.M. Sampoerna Tbk.,15 Agt 1990,"116,318,076,900",Main
206,HOME,Hotel Mandarine Regency Tbk.,17 Jul 2008,"22,212,194,782",Watchlist
207,HOTL,Saraswati Griya Lestari Tbk.,10 Jan 2013,"3,550,001,452",Watchlist
208,HRUM,Harum Energy Tbk.,06 Oct 2010,"13,518,100,000",Main
209,IATA,MNC Energy Investments Tbk.,13 Sep 2006,"31,275,829,981",Development
210,IBFN,Intan Baru Prana Tbk.,22 Dec 2014,"1,517,332,349",Watchlist
211,IBST,Inti Bangun Sejahtera Tbk.,31 Agt 2012,"1,350,904,927",Watchlist
212,ICBP,Indofood CBP Sukses Makmur Tbk,07 Oct 2010,"11,661,908,000",Main
213,ICON,Island Concepts Indonesia Tbk.,08 Jul 2005,"1,089,750,000",Watchlist
214,IGAR,Champion Pacific Indonesia Tbk,05 Nov 1990,"927,780,600",Development
215,IIKP,Inti Agri Resources Tbk,14 Oct 2002,"33,600,000,000",Watchlist
216,IKAI,Intikeramik Alamasri Industri ,04 Jun 1997,"13,305,799,387",Watchlist
217,IKBI,Sumi Indo Kabel Tbk.,21 Jan 1991,"1,224,000,000",Development
218,IMAS,Indomobil Sukses Internasional,15 Nov 1993,"3,994,291,039",Main
219,IMJS,Indomobil Multi Jasa Tbk.,10 Dec 2013,"10,792,097,136",Development
220,IMPC,Impack Pratama Industri Tbk.,17 Dec 2014,"54,907,000,000",Main
221,INAF,Indofarma Tbk.,17 Apr 2001,"3,099,267,500",Watchlist
222,INAI,Indal Aluminium Industry Tbk.,05 Dec 1994,"633,600,000",Development
223,INCI,Intanwijaya Internasional Tbk,24 Jul 1990,"207,656,617",Development
224,INCO,Vale Indonesia Tbk.,16 May 1990,"10,539,784,534",Main
225,INDF,Indofood Sukses Makmur Tbk.,14 Jul 1994,"8,780,426,500",Main
226,INDR,Indo-Rama Synthetics Tbk.,03 Agt 1990,"654,351,707",Development
227,INDS,Indospring Tbk.,10 Agt 1990,"6,562,497,100",Development
228,INDX,Tanah Laut Tbk,17 May 2001,"437,913,588",Development
229,INDY,Indika Energy Tbk.,11 Jun 2008,"5,210,192,000",Main
230,INKP,Indah Kiat Pulp & Paper Tbk.,16 Jul 1990,"5,470,982,941",Main
231,INPC,Bank Artha Graha Internasional,23 Agt 1990,"20,021,178,779",Main
232,INPP,Indonesian Paradise Property T,12 Jan 2004,"11,181,971,732",Development
233,INRU,Toba Pulp Lestari Tbk.,18 Jun 1990,"1,388,883,283",Development
234,INTA,Intraco Penta Tbk.,23 Agt 1993,"3,343,935,022",Watchlist
235,INTD,Inter Delta Tbk,18 Dec 1989,"591,828,000",Development
236,INTP,Indocement Tunggal Prakarsa Tb,05 Dec 1989,"3,515,602,799",Main
237,IPOL,Indopoly Swakarsa Industry Tbk,09 Jul 2010,"6,443,379,509",Development
238,ISAT,Indosat Tbk.,19 Oct 1994,"32,250,810,957",Main
239,ISSP,Steel Pipe Industry of Indones,22 Feb 2013,"7,185,992,035",Main
240,ITMA,Sumber Energi Andalan Tbk.,10 Dec 1990,"999,053,167",Development
241,ITMG,Indo Tambangraya Megah Tbk.,18 Dec 2007,"1,129,925,000",Main
242,JAWA,Jaya Agra Wattie Tbk.,30 May 2011,"16,232,951,842",Development
243,JECC,Jembo Cable Company Tbk.,18 Nov 1992,"756,000,000",Development
244,JIHD,Jakarta International Hotels &,29 Feb 1984,"2,329,040,482",Development
245,JKON,Jaya Konstruksi Manggala Prata,04 Dec 2007,"16,308,519,860",Main
246,JPFA,Japfa Comfeed Indonesia Tbk.,23 Oct 1989,"11,726,575,201",Main
247,JRPT,Jaya Real Property Tbk.,29 Jun 1994,"12,910,719,100",Main
248,JSMR,Jasa Marga (Persero) Tbk.,12 Nov 2007,"7,257,871,200",Main
249,JSPT,Jakarta Setiabudi Internasiona,12 Jan 1998,"2,318,736,000",Development
250,JTPE,Jasuindo Tiga Perkasa Tbk.,16 Apr 2002,"6,852,050,000",Main
251,KAEF,Kimia Farma Tbk.,04 Jul 2001,"5,566,588,407",Development
252,KARW,Meratus Jasa Prima Tbk.,20 Dec 1994,"587,152,700",Watchlist
253,KBLI,KMI Wire & Cable Tbk.,06 Jul 1992,"4,007,235,107",Main
254,KBLM,Kabelindo Murni Tbk.,01 Jun 1992,"1,120,000,000",Development
255,KBLV,First Media Tbk.,25 Feb 2000,"1,742,167,907",Development
256,KBRI,Kertas Basuki Rachmat Indonesi,11 Jul 2008,"8,687,995,734",Watchlist
257,KDSI,Kedawung Setia Industrial Tbk.,29 Jul 1996,"1,620,000,000",Development
258,KIAS,Keramika Indonesia Assosiasi T,08 Dec 1994,"14,929,100,000",Watchlist
259,KICI,Kedaung Indah Can Tbk,28 Oct 1993,"276,000,000",Development
260,KIJA,Kawasan Industri Jababeka Tbk.,10 Jan 1995,"20,824,888,369",Main
261,KKGI,Resource Alam Indonesia Tbk.,01 Jul 1991,"5,000,000,000",Main
262,KLBF,Kalbe Farma Tbk.,30 Jul 1991,"46,813,391,540",Main
263,KOBX,Kobexindo Tractors Tbk.,05 Jul 2012,"2,272,500,000",Development
264,KOIN,Kokoh Inti Arebama Tbk,09 Apr 2008,"980,843,732",Watchlist
265,KONI,Perdana Bangun Pusaka Tbk,22 Agt 1995,"312,000,000",Development
266,KOPI,Mitra Energi Persada Tbk.,04 May 2015,"697,266,668",Development
267,KPIG,MNC Tourism Indonesia Tbk.,30 Mar 2000,"99,342,849,263",Main
268,KRAS,Krakatau Steel (Persero) Tbk.,10 Nov 2010,"19,346,396,900",Development
269,KREN,Quantum Clovera Investama Tbk.,28 Jun 2002,"18,208,470,100",Watchlist
270,LAPD,Leyand International Tbk.,17 Jul 2001,"3,966,350,139",Development
271,LCGP,Eureka Prima Jakarta Tbk.,13 Jul 2007,"5,630,000,914",Watchlist
272,LEAD,Logindo Samudramakmur Tbk.,11 Dec 2013,"5,799,616,328",Development
273,LINK,Link Net Tbk.,02 Jun 2014,"2,863,195,484",Development
274,LION,Lion Metal Works Tbk.,20 Agt 1993,"520,160,000",Development
275,LMAS,Limas Indonesia Makmur Tbk,28 Dec 2001,"787,851,525",Watchlist
276,LMPI,Langgeng Makmur Industri Tbk.,17 Oct 1994,"1,008,517,669",Development
277,LMSH,Lionmesh Prima Tbk.,04 Jun 1990,"96,000,000",Watchlist
278,LPCK,Lippo Cikarang Tbk,24 Jul 1997,"5,134,685,692",Development
279,LPGI,Lippo General Insurance Tbk.,22 Jul 1997,"3,000,000,000",Development
280,LPIN,Multi Prima Sejahtera Tbk,05 Feb 1990,"425,000,000",Development
281,LPKR,Lippo Karawaci Tbk.,28 Jun 1996,"70,898,018,369",Main
282,LPLI,Star Pacific Tbk,23 Oct 1989,"1,170,432,803",Development
283,LPPF,Matahari Department Store Tbk.,09 Oct 1989,"2,258,279,280",Main
284,LPPS,Lenox Pasifik Investama Tbk.,28 Mar 1994,"2,588,250,000",Development
285,LRNA,Eka Sari Lorena Transport Tbk.,15 Apr 2014,"350,000,022",Development
286,LSIP,PP London Sumatra Indonesia Tb,05 Jul 1996,"6,819,963,965",Main
287,LTLS,Lautan Luas Tbk.,21 Jul 1997,"1,560,000,000",Main
288,MAGP,Multi Agro Gemilang Plantation,16 Jan 2013,"9,000,000,004",Watchlist
289,MAIN,Malindo Feedmill Tbk.,10 Feb 2006,"2,238,750,000",Main
290,MAPI,Mitra Adiperkasa Tbk.,10 Nov 2004,"16,600,000,000",Main
291,MAYA,Bank Mayapada Internasional Tb,29 Agt 1997,"25,906,179,152",Main
292,MBAP,Mitrabara Adiperdana Tbk.,10 Jul 2014,"1,227,271,952",Development
293,MBSS,Mitrabahtera Segara Sejati Tbk,06 Apr 2011,"1,750,026,639",Main
294,MBTO,Martina Berto Tbk.,13 Jan 2011,"1,070,000,000",Development
295,MCOR,Bank China Construction Bank I,03 Jul 2007,"37,540,533,209",Main
296,MDIA,Intermedia Capital Tbk.,11 Apr 2014,"39,215,538,400",Watchlist
297,MDKA,Merdeka Copper Gold Tbk.,19 Jun 2015,"24,472,983,771",Main
298,MDLN,Modernland Realty Tbk.,18 Jan 1993,"12,533,067,322",Development
299,MDRN,Modern Internasional Tbk.,16 Jul 1991,"7,632,167,798",Watchlist
300,MEDC,Medco Energi Internasional Tbk,12 Oct 1994,"25,136,231,252",Main
301,MEGA,Bank Mega Tbk.,17 Apr 2000,"11,623,514,905",Main
302,MERK,Merck Tbk.,23 Jul 1981,"448,000,000",Development
303,META,Nusantara Infrastructure Tbk.,18 Jul 2001,"17,710,708,194",Watchlist
304,MFMI,Multifiling Mitra Indonesia Tb,29 Dec 2010,"757,581,000",Watchlist
305,MGNA,Magna Investama Mandiri Tbk.,08 Jul 2014,"3,410,535,757",Development
306,MICE,Multi Indocitra Tbk.,21 Dec 2005,"600,000,000",Development
307,MIDI,Midi Utama Indonesia Tbk.,30 Nov 2010,"33,435,294,800",Main
308,MIKA,Mitra Keluarga Karyasehat Tbk.,24 Mar 2015,"13,907,481,500",Main
309,MIRA,Mitra International Resources ,30 Jan 1997,"3,961,452,039",Watchlist
310,MITI,Mitra Investindo Tbk.,16 Jul 1997,"3,750,526,603",Development
311,MKPI,Metropolitan Kentjana Tbk.,10 Jul 2009,"948,194,000",Development
312,MLBI,Multi Bintang Indonesia Tbk.,15 Dec 1981,"2,107,000,000",Main
313,MLIA,Mulia Industrindo Tbk,17 Jan 1994,"6,615,000,000",Main
314,MLPL,Multipolar Tbk.,06 Nov 1989,"15,682,323,987",Main
315,MLPT,Multipolar Technology Tbk.,08 Jul 2013,"1,875,000,000",Development
316,MMLP,Mega Manunggal Property Tbk.,12 Jun 2015,"6,889,134,608",Main
317,MNCN,Media Nusantara Citra Tbk.,22 Jun 2007,"15,049,787,710",Main
318,MPMX,Mitra Pinasthika Mustika Tbk.,29 May 2013,"4,386,963,276",Main
319,MPPA,Matahari Putra Prima Tbk.,21 Dec 1992,"12,966,640,084",Development
320,MRAT,Mustika Ratu Tbk.,27 Jul 1995,"428,000,000",Development
321,MREI,Maskapai Reasuransi Indonesia ,04 Sep 1989,"517,791,681",Main
322,MSKY,MNC Sky Vision Tbk.,09 Jul 2012,"1,994,370,480",Development
323,MTDL,Metrodata Electronics Tbk.,09 Apr 1990,"12,276,884,585",Main
324,MTFN,Capitalinc Investment Tbk.,16 Apr 1990,"31,842,082,852",Watchlist
325,MTLA,Metropolitan Land Tbk.,20 Jun 2011,"7,655,126,330",Main
326,MTSM,Metro Realty Tbk.,08 Jan 1992,"232,848,000",Watchlist
327,MYOH,Samindo Resources Tbk.,27 Jul 2000,"2,206,312,500",Development
328,MYOR,Mayora Indah Tbk.,04 Jul 1990,"22,358,699,725",Main
329,MYTX,Asia Pacific Investama Tbk.,10 Oct 1989,"7,747,281,949",Watchlist
330,NELY,Pelayaran Nelly Dwi Putri Tbk.,11 Oct 2012,"2,350,000,000",Development
331,NIKL,Pelat Timah Nusantara Tbk.,14 Dec 2009,"2,523,350,000",Development
332,NIRO,City Retail Developments Tbk.,13 Sep 2012,"22,198,871,804",Development
333,NISP,Bank OCBC NISP Tbk.,20 Oct 1994,"22,715,776,032",Main
334,NOBU,Bank Nationalnobu Tbk.,20 May 2013,"7,403,659,460",Development
335,NRCA,Nusa Raya Cipta Tbk.,27 Jun 2013,"2,496,258,344",Watchlist
336,OCAP,Onix Capital Tbk.,10 Oct 2003,"273,200,000",Watchlist
337,OKAS,Ancora Indonesia Resources Tbk,29 Mar 2006,"2,373,449,165",Development
338,OMRE,Indonesia Prima Property Tbk,22 Agt 1994,"2,945,211,000",Watchlist
339,PADI,Minna Padi Investama Sekuritas,09 Jan 2012,"11,307,246,524",Development
340,PALM,Provident Investasi Bersama Tb,08 Oct 2012,"15,732,874,458",Development
341,PANR,Panorama Sentrawisata Tbk.,18 Sep 2001,"1,387,500,000",Main
342,PANS,Panin Sekuritas Tbk.,31 May 2000,"720,000,000",Main
343,PBRX,Pan Brothers Tbk.,16 Agt 1990,"21,482,028,246",Watchlist
344,PDES,Destinasi Tirta Nusantara Tbk,08 Jul 2008,"715,000,000",Development
345,PEGE,Panca Global Kapital Tbk.,24 Jun 2005,"2,833,417,056",Development
346,PGAS,Perusahaan Gas Negara Tbk.,15 Dec 2003,"24,241,508,196",Main
347,PGLI,Pembangunan Graha Lestari Inda,05 Apr 2000,"488,000,000",Development
348,PICO,Pelangi Indah Canindo Tbk,23 Sep 1996,"568,375,000",Development
349,PJAA,Pembangunan Jaya Ancol Tbk.,02 Jul 2004,"1,599,999,996",Development
350,PKPK,Paragon Karya Perkasa Tbk.,11 Jul 2007,"1,200,000,000",Development
351,PLAS,Polaris Investama Tbk,16 Mar 2001,"1,184,200,000",Watchlist
352,PLIN,Plaza Indonesia Realty Tbk.,15 Jun 1992,"3,550,000,000",Watchlist
353,PNBN,Bank Pan Indonesia Tbk,29 Dec 1982,"23,837,645,998",Main
354,PNBS,Bank Panin Dubai Syariah Tbk.,15 Jan 2014,"38,425,504,906",Development
355,PNIN,Paninvest Tbk.,20 Sep 1983,"4,068,323,920",Main
356,PNLF,Panin Financial Tbk.,14 Jun 1983,"32,022,073,293",Main
357,PNSE,Pudjiadi & Sons Tbk.,01 May 1990,"797,813,496",Development
358,POLY,Asia Pacific Fibers Tbk,12 Mar 1991,"2,495,753,334",Watchlist
359,POOL,Pool Advista Indonesia Tbk.,20 May 1991,"2,341,366,264",Watchlist
360,PPRO,PP Properti Tbk.,19 May 2015,"61,675,671,883",Watchlist
361,PSAB,J Resources Asia Pasifik Tbk.,22 Apr 2003,"26,460,000,000",Development
362,PSDN,Prasidha Aneka Niaga Tbk,18 Oct 1994,"1,440,000,000",Development
363,PSKT,Red Planet Indonesia Tbk.,19 Sep 1995,"10,351,231,636",Watchlist
364,PTBA,Bukit Asam Tbk.,23 Dec 2002,"11,520,659,250",Main
365,PTIS,Indo Straits Tbk.,12 Jul 2011,"550,165,300",Development
366,PTPP,PP (Persero) Tbk.,09 Feb 2010,"6,199,897,354",Main
367,PTRO,Petrosea Tbk.,21 May 1990,"10,086,050,000",Main
368,PTSN,Sat Nusapersada Tbk,08 Nov 2007,"5,314,344,000",Development
369,PTSP,Pioneerindo Gourmet Internatio,30 May 1994,"220,808,000",Development
370,PUDP,Pudjiadi Prestige Tbk.,18 Nov 1994,"659,120,000",Development
371,PWON,Pakuwon Jati Tbk.,09 Oct 1989,"48,159,602,400",Main
372,PYFA,Pyridam Farma Tbk,16 Oct 2001,"11,236,692,278",Development
373,RAJA,Rukun Raharja Tbk.,19 Apr 2006,"4,227,082,500",Main
374,RALS,Ramayana Lestari Sentosa Tbk.,24 Jul 1996,"7,096,000,000",Main
375,RANC,Supra Boga Lestari Tbk.,07 Jun 2012,"1,564,487,500",Development
376,RBMS,Ristia Bintang Mahkotasejati T,19 Dec 1997,"2,656,212,826",Watchlist
377,RDTX,Roda Vivatex Tbk,14 May 1990,"268,800,000",Development
378,RELI,Reliance Sekuritas Indonesia T,13 Jul 2005,"1,800,000,000",Development
379,RICY,Ricky Putra Globalindo Tbk,22 Jan 1998,"641,717,510",Watchlist
380,RIGS,Rig Tenders Indonesia Tbk.,05 Mar 1990,"609,130,000",Development
381,RIMO,Rimo International Lestari Tbk,10 Nov 2000,"45,080,600,000",Watchlist
382,RODA,Pikko Land Development Tbk.,22 Oct 2001,"13,592,128,209",Watchlist
383,ROTI,Nippon Indosari Corpindo Tbk.,28 Jun 2010,"6,186,488,888",Development
384,RUIS,Radiant Utama Interinsco Tbk.,12 Jul 2006,"770,000,000",Development
385,SAFE,Steady Safe Tbk,15 Agt 1994,"821,207,512",Development
386,SAME,Sarana Meditama Metropolitan T,11 Jan 2013,"17,147,132,545",Main
387,SCCO,Supreme Cable Manufacturing & ,20 Jul 1982,"822,333,600",Development
388,SCMA,Surya Citra Media Tbk.,16 Jul 2002,"73,970,569,505",Main
389,SCPI,Organon Pharma Indonesia Tbk.,08 Jun 1990,"3,600,000",Watchlist
390,SDMU,Sidomulyo Selaras Tbk.,12 Jul 2011,"1,135,225,000",Development
391,SDPC,Millennium Pharmacon Internati,07 May 1990,"1,274,000,000",Development
392,SDRA,Bank Woori Saudara Indonesia 1,15 Dec 2006,"14,545,267,990",Development
393,SGRO,Sampoerna Agro Tbk.,18 Jun 2007,"1,818,622,000",Main
394,SHID,Hotel Sahid Jaya International,08 May 1990,"1,119,326,168",Development
395,SIDO,Industri Jamu dan Farmasi Sido,18 Dec 2013,"30,000,000,000",Main
396,SILO,Siloam International Hospitals,12 Sep 2013,"13,006,125,000",Main
397,SIMA,Siwani Makmur Tbk,03 Jun 1994,"442,589,871",Watchlist
398,SIMP,Salim Ivomas Pratama Tbk.,09 Jun 2011,"15,501,310,000",Main
399,SIPD,Sreeya Sewu Indonesia Tbk.,27 Dec 1996,"1,839,102,056",Watchlist
400,SKBM,Sekar Bumi Tbk.,28 Sep 2012,"1,730,103,217",Development
401,SKLT,Sekar Laut Tbk.,08 Sep 1993,"6,907,405,000",Development
402,SKYB,Northcliff Citranusa Indonesia,07 Jul 2010,"585,000,000",Watchlist
403,SMAR,Sinar Mas Agro Resources and T,20 Nov 1992,"2,872,193,366",Main
404,SMBR,Semen Baturaja Tbk.,28 Jun 2013,"9,932,534,336",Main
405,SMCB,Solusi Bangun Indonesia Tbk.,10 Agt 1977,"9,019,381,973",Watchlist
406,SMDM,Suryamas Dutamakmur Tbk.,12 Oct 1995,"4,772,138,237",Development
407,SMDR,Samudera Indonesia  Tbk.,05 Jul 1999,"16,375,600,000",Main
408,SMGR,Semen Indonesia (Persero) Tbk.,08 Jul 1991,"6,751,540,089",Main
409,SMMA,Sinarmas Multiartha Tbk.,05 Jul 1995,"6,367,664,717",Main
410,SMMT,Golden Eagle Energy Tbk.,01 Dec 1997,"3,425,000,000",Development
411,SMRA,Summarecon Agung Tbk.,07 May 1990,"16,508,568,358",Main
412,SMRU,SMR Utama Tbk.,10 Oct 2011,"12,499,385,782",Watchlist
413,SMSM,Selamat Sempurna Tbk.,09 Sep 1996,"5,758,675,440",Main
414,SOCI,Soechi Lines Tbk.,03 Dec 2014,"7,059,000,000",Development
415,SONA,Sona Topas Tourism Industry Tb,21 Jul 1992,"662,400,000",Development
416,SPMA,Suparma Tbk.,16 Nov 1994,"4,100,317,438",Development
417,SQMI,Wilton Makmur Indonesia Tbk.,15 Jul 2004,"15,537,591,429",Watchlist
418,SRAJ,Sejahteraraya Anugrahjaya Tbk.,11 Apr 2011,"12,238,959,990",Development
419,SRIL,Sri Rejeki Isman Tbk.,17 Jun 2013,"20,452,176,844",Watchlist
420,SRSN,Indo Acidatama Tbk,11 Jan 1993,"6,020,000,000",Development
421,SRTG,Saratoga Investama Sedaya Tbk.,26 Jun 2013,"13,564,835,000",Main
422,SSIA,Surya Semesta Internusa Tbk.,27 Mar 1997,"4,705,249,440",Main
423,SSMS,Sawit Sumbermas Sarana Tbk.,12 Dec 2013,"9,525,000,000",Main
424,SSTM,Sunson Textile Manufacture Tbk,20 Agt 1997,"1,170,909,181",Development
425,STAR,Buana Artha Anugerah Tbk.,13 Jul 2011,"4,800,000,602",Watchlist
426,STTP,Siantar Top Tbk.,16 Dec 1996,"1,310,000,000",Development
427,SUGI,Sugih Energy Tbk.,19 Jun 2002,"24,811,541,414",Watchlist
428,SULI,SLJ Global Tbk.,21 Mar 1994,"6,320,776,836",Development
429,SUPR,Solusi Tunas Pratama Tbk.,11 Oct 2011,"1,137,579,698",Watchlist
430,TALF,Tunas Alfin Tbk.,17 Jan 2014,"1,353,435,000",Development
431,TARA,Agung Semesta Sejahtera Tbk.,11 Jul 2014,"10,069,645,750",Watchlist
432,TAXI,Express Transindo Utama Tbk.,02 Nov 2012,"10,223,647,156",Watchlist
433,TBIG,Tower Bersama Infrastructure T,26 Oct 2010,"22,656,999,445",Main
434,TBLA,Tunas Baru Lampung Tbk.,14 Feb 2000,"6,025,373,372",Main
435,TBMS,Tembaga Mulia Semanan Tbk.,23 May 1990,"734,680,000",Development
436,TCID,Mandom Indonesia Tbk.,30 Sep 1993,"402,133,334",Development
437,TELE,Omni Inovasi Indonesia Tbk.,12 Jan 2012,"7,310,929,389",Watchlist
438,TFCO,Tifico Fiber Indonesia Tbk.,26 Feb 1980,"4,823,076,400",Watchlist
439,TGKA,Tigaraksa Satria Tbk.,11 Jun 1990,"918,492,750",Development
440,TIFA,KDB Tifa Finance Tbk.,08 Jul 2011,"3,552,213,000",Development
441,TINS,Timah Tbk.,19 Oct 1995,"7,447,753,454",Main
442,TIRA,Tira Austenite Tbk,27 Jul 1993,"588,000,000",Development
443,TIRT,Tirta Mahakam Resources Tbk,13 Dec 1999,"1,011,774,750",Watchlist
444,TKIM,Pabrik Kertas Tjiwi Kimia Tbk.,03 Apr 1990,"3,113,223,570",Main
445,TLKM,Telkom Indonesia (Persero) Tbk,14 Nov 1995,"99,062,216,600",Main
446,TMAS,Temas Tbk.,09 Jul 2003,"57,051,500,000",Main
447,TMPO,Tempo Intimedia Tbk.,08 Jan 2001,"1,058,333,250",Development
448,TOBA,TBS Energi Utama Tbk.,06 Jul 2012,"8,257,402,931",Main
449,TOTL,Total Bangun Persada Tbk.,25 Jul 2006,"3,410,000,000",Main
450,TOTO,Surya Toto Indonesia Tbk.,30 Oct 1990,"10,320,000,000",Development
451,TOWR,Sarana Menara Nusantara Tbk.,08 Mar 2010,"59,098,103,731",Main
452,TPIA,Chandra Asri Pacific Tbk.,26 May 2008,"86,511,545,092",Development
453,TPMA,Trans Power Marine Tbk.,20 Feb 2013,"3,507,420,034",Main
454,TRAM,Trada Alam Minera Tbk.,10 Sep 2008,"49,643,627,934",Watchlist
455,TRIL,Triwira Insanlestari Tbk.,28 Jan 2008,"1,200,000,000",Watchlist
456,TRIM,Trimegah Sekuritas Indonesia T,31 Jan 2000,"7,109,300,000",Main
457,TRIO,Trikomsel Oke Tbk.,14 Apr 2009,"26,007,494,645",Watchlist
458,TRIS,Trisula International Tbk.,28 Jun 2012,"3,141,443,831",Development
459,TRST,Trias Sentosa Tbk.,02 Jul 1990,"2,808,000,000",Development
460,TRUS,Trust Finance Indonesia Tbk,28 Nov 2002,"800,000,000",Development
461,TSPC,Tempo Scan Pacific Tbk.,17 Jun 1994,"4,509,864,300",Main
462,ULTJ,Ultrajaya Milk Industry & Trad,02 Jul 1990,"10,398,175,200",Main
463,UNIC,Unggul Indah Cahaya Tbk.,06 Nov 1989,"383,331,363",Main
464,UNIT,Nusantara Inti Corpora Tbk,18 Apr 2002,"75,422,200",Development
465,UNSP,Bakrie Sumatera Plantations Tb,06 Mar 1990,"2,500,162,344",Watchlist
466,UNTR,United Tractors Tbk.,19 Sep 1989,"3,730,135,136",Main
467,UNVR,Unilever Indonesia Tbk.,11 Jan 1982,"38,150,000,000",Main
468,VICO,Victoria Investama Tbk.,08 Jul 2013,"15,217,075,658",Main
469,VINS,Victoria Insurance Tbk.,28 Sep 2015,"1,553,430,759",Development
470,VIVA,Visi Media Asia Tbk.,21 Nov 2011,"16,464,270,400",Watchlist
471,VOKS,Voksel Electric Tbk.,20 Dec 1990,"4,155,602,595",Development
472,VRNA,Mizuho Leasing Indonesia Tbk.,25 Jun 2008,"5,687,353,997",Development
473,WAPO,Wahana Pronatural Tbk.,22 Jun 2001,"1,240,923,111",Development
474,WEHA,WEHA Transportasi Indonesia Tb,31 May 2007,"1,460,554,819",Development
475,WICO,Wicaksana Overseas Internation,08 Agt 1994,"2,393,710,348",Watchlist
476,WIIM,Wismilak Inti Makmur Tbk.,18 Dec 2012,"2,099,873,760",Main
477,WIKA,Wijaya Karya (Persero) Tbk.,29 Oct 2007,"39,873,063,858",Watchlist
478,WINS,Wintermar Offshore Marine Tbk.,29 Nov 2010,"4,460,988,262",Main
479,WOMF,Wahana Ottomitra Multiartha Tb,13 Dec 2004,"3,481,481,480",Development
480,WSKT,Waskita Karya (Persero) Tbk.,19 Dec 2012,"28,806,807,016",Watchlist
481,WTON,Wijaya Karya Beton Tbk.,08 Apr 2014,"8,715,466,600",Main
482,YPAS,Yanaprima Hastapersada Tbk,05 Mar 2008,"668,000,089",Development
483,YULE,Yulie Sekuritas Indonesia Tbk.,10 Dec 2004,"1,785,000,000",Development
484,ZBRA,Dosni Roha Indonesia Tbk.,01 Agt 1991,"2,510,706,263",Watchlist
485,SHIP,Sillo Maritime Perdana Tbk.,16 Jun 2016,"2,719,790,000",Main
486,CASA,Capital Financial Indonesia Tb,19 Jul 2016,"54,476,269,803",Development
487,DAYA,Duta Intidaya Tbk.,28 Jun 2016,"2,420,547,025",Development
488,DPUM,Dua Putra Utama Makmur Tbk.,08 Dec 2015,"4,175,000,000",Development
489,IDPR,Indonesia Pondasi Raya Tbk.,10 Dec 2015,"2,003,000,000",Development
490,JGLE,Graha Andrasentra Propertindo ,29 Jun 2016,"22,581,909,405",Watchlist
491,KINO,Kino Indonesia Tbk.,11 Dec 2015,"1,428,571,500",Development
492,MARI,Mahaka Radio Integra Tbk.,11 Feb 2016,"5,252,644,000",Watchlist
493,MKNT,Mitra Komunikasi Nusantara Tbk,26 Oct 2015,"5,500,000,000",Watchlist
494,MTRA,Mitra Pemuda Tbk.,10 Feb 2016,"770,000,000",Watchlist
495,OASA,Maharaksa Biru Energi Tbk.,18 Jul 2016,"6,347,220,000",Development
496,POWR,Cikarang Listrindo Tbk.,14 Jun 2016,"16,087,156,000",Main
497,INCF,Indo Komoditi Korpora Tbk.,06 Sep 2016,"1,438,370,465",Watchlist
498,WSBP,Waskita Beton Precast Tbk.,20 Sep 2016,"56,780,478,486",Watchlist
499,PBSA,Paramita Bangun Sarana Tbk.,28 Sep 2016,"3,000,000,000",Development
500,PRDA,Prodia Widyahusada Tbk.,07 Dec 2016,"937,500,000",Main
501,BOGA,Bintang Oto Global Tbk.,19 Dec 2016,"3,803,526,210",Development
502,BRIS,Bank Syariah Indonesia Tbk.,09 May 2018,"45,667,877,639",Main
503,PORT,Nusantara Pelabuhan Handal Tbk,16 Mar 2017,"2,813,941,985",Development
504,CARS,Industri dan Perdagangan Bintr,10 Apr 2017,"15,000,000,000",Main
505,MINA,Sanurhasta Mitra Tbk.,28 Apr 2017,"9,843,750,000",Watchlist
506,CLEO,Sariguna Primatirta Tbk.,05 May 2017,"24,000,000,000",Main
507,TAMU,Pelayaran Tamarin Samudra Tbk.,10 May 2017,"37,500,000,000",Watchlist
508,CSIS,Cahayasakti Investindo Sukses ,10 May 2017,"1,307,000,000",Development
509,TGRA,Terregra Asia Energy Tbk.,16 May 2017,"2,750,000,000",Watchlist
510,FIRE,Alfa Energi Investama Tbk.,09 Jun 2017,"1,475,363,179",Development
511,TOPS,Totalindo Eka Persada Tbk.,16 Jun 2017,"33,330,000,000",Watchlist
512,KMTR,Kirana Megatara Tbk.,19 Jun 2017,"8,215,366,379",Development
513,ARMY,Armidian Karyatama Tbk.,21 Jun 2017,"9,006,250,000",Watchlist
514,MAPB,MAP Boga Adiperkasa Tbk.,21 Jun 2017,"2,387,922,900",Development
515,WOOD,Integra Indocabinet Tbk.,21 Jun 2017,"6,437,500,000",Main
516,HRTA,Hartadinata Abadi Tbk.,21 Jun 2017,"4,605,262,400",Main
517,MABA,Marga Abhinaya Abadi Tbk.,22 Jun 2017,"15,365,229,912",Watchlist
518,HOKI,Buyung Poetra Sembada Tbk.,22 Jun 2017,"9,677,752,680",Development
519,MPOW,Megapower Makmur Tbk.,05 Jul 2017,"816,997,053",Development
520,MARK,Mark Dynamics Indonesia Tbk.,12 Jul 2017,"3,800,000,310",Main
521,NASA,Andalan Perkasa Abadi Tbk.,07 Agt 2017,"11,004,929,322",Watchlist
522,MDKI,Emdeki Utama Tbk.,25 Sep 2017,"2,530,150,002",Development
523,BELL,Trisula Textile Industries Tbk,03 Oct 2017,"7,250,000,000",Development
524,KIOS,Kioson Komersial Indonesia Tbk,05 Oct 2017,"1,075,862,960",Development
525,GMFI,Garuda Maintenance Facility Ae,10 Oct 2017,"37,565,978,976",Watchlist
526,MTWI,Malacca Trust Wuwungan Insuran,12 Oct 2017,"2,924,486,639",Development
527,ZINC,Kapuas Prima Coal Tbk.,16 Oct 2017,"25,250,000,000",Watchlist
528,MCAS,M Cash Integrasi Tbk.,01 Nov 2017,"867,933,300",Main
529,PPRE,PP Presisi Tbk.,24 Nov 2017,"10,224,271,000",Development
530,WEGE,Wijaya Karya Bangunan Gedung T,30 Nov 2017,"9,572,000,000",Development
531,PSSI,IMC Pelita Logistik Tbk.,05 Dec 2017,"5,417,063,153",Main
532,MORA,Mora Telematika Indonesia Tbk.,08 Agt 2022,"23,646,668,691",Main
533,DWGL,Dwi Guna Laksana Tbk.,13 Dec 2017,"9,252,820,991",Development
534,PBID,Panca Budi Idaman Tbk.,13 Dec 2017,"7,500,000,000",Main
535,JMAS,Asuransi Jiwa Syariah Jasa Mit,18 Dec 2017,"1,000,000,000",Development
536,CAMP,Campina Ice Cream Industry Tbk,19 Dec 2017,"5,885,000,000",Development
537,IPCM,Jasa Armada Indonesia Tbk.,22 Dec 2017,"5,284,811,100",Main
538,PCAR,Prima Cakrawala Abadi Tbk.,29 Dec 2017,"1,166,666,700",Watchlist
539,LCKM,LCK Global Kedaton Tbk.,16 Jan 2018,"1,000,000,000",Development
540,BOSS,Borneo Olah Sarana Sukses Tbk.,15 Feb 2018,"1,400,000,000",Watchlist
541,HELI,Jaya Trishindo Tbk.,27 Mar 2018,"832,862,387",Development
542,JSKY,Sky Energy Indonesia Tbk.,28 Mar 2018,"2,032,540,000",Watchlist
543,INPS,Indah Prakasa Sentosa Tbk.,06 Apr 2018,"650,000,000",Watchlist
544,GHON,Gihon Telekomunikasi Indonesia,09 Apr 2018,"550,000,000",Development
545,TDPM,Tianrong Chemicals Industry Tb,09 Apr 2018,"10,485,050,500",Watchlist
546,DFAM,Dafam Property Indonesia Tbk.,27 Apr 2018,"1,899,852,850",Development
547,NICK,Charnic Capital Tbk.,02 May 2018,"651,150,000",Development
548,BTPS,Bank BTPN Syariah Tbk.,08 May 2018,"7,626,663,000",Main
549,SPTO,Surya Pertiwi Tbk.,14 May 2018,"2,700,000,000",Main
550,PRIM,Royal Prima Tbk.,15 May 2018,"3,393,434,905",Development
551,HEAL,Medikaloka Hermina Tbk.,16 May 2018,"15,365,950,000",Main
552,TRUK,Guna Timur Raya Tbk.,23 May 2018,"435,000,000",Development
553,PZZA,Sarimelati Kencana Tbk.,23 May 2018,"3,021,875,000",Development
554,TUGU,Asuransi Tugu Pratama Indonesi,28 May 2018,"3,555,575,600",Main
555,MSIN,MNC Digital Entertainment Tbk.,08 Jun 2018,"60,676,178,205",Main
556,SWAT,Sriwahana Adityakarta Tbk.,08 Jun 2018,"3,019,200,000",Watchlist
557,TNCA,Trimuda Nuansa Citra Tbk.,28 Jun 2018,"421,640,000",Development
558,MAPA,Map Aktif Adiperkasa Tbk.,05 Jul 2018,"28,504,000,000",Main
559,TCPI,Transcoal Pacific Tbk.,06 Jul 2018,"5,000,000,000",Development
560,IPCC,Indonesia Kendaraan Terminal T,09 Jul 2018,"1,818,384,820",Main
561,RISE,Jaya Sukses Makmur Sentosa Tbk,09 Jul 2018,"10,945,000,000",Development
562,BPTR,Batavia Prosperindo Trans Tbk.,09 Jul 2018,"3,534,000,000",Development
563,POLL,Pollux Properties Indonesia Tb,11 Jul 2018,"8,318,823,600",Watchlist
564,NFCX,NFC Indonesia Tbk.,12 Jul 2018,"666,667,500",Development
565,MGRO,Mahkota Group Tbk.,12 Jul 2018,"3,554,445,700",Development
566,NUSA,Sinergi Megah Internusa Tbk.,12 Jul 2018,"7,700,000,148",Watchlist
567,FILM,MD Entertainment Tbk.,07 Agt 2018,"10,887,566,758",Watchlist
568,ANDI,Andira Agro Tbk.,16 Agt 2018,"9,350,000,000",Watchlist
569,LAND,Trimitra Propertindo Tbk.,23 Agt 2018,"2,792,620,000",Watchlist
570,MOLI,Madusari Murni Indah Tbk.,30 Agt 2018,"2,724,036,581",Development
571,PANI,Pantai Indah Kapuk Dua Tbk.,18 Sep 2018,"17,684,078,866",Main
572,DIGI,Arkadia Digital Media Tbk.,18 Sep 2018,"1,625,000,000",Watchlist
573,CITY,Natura City Developments Tbk.,28 Sep 2018,"5,405,188,966",Development
574,SAPX,Satria Antaran Prima Tbk.,03 Oct 2018,"833,333,300",Development
575,SURE,Super Energy Tbk.,05 Oct 2018,"1,497,576,771",Development
576,HKMU,HK Metals Utama Tbk.,09 Oct 2018,"3,221,750,000",Watchlist
577,MPRO,Maha Properti Indonesia Tbk.,09 Oct 2018,"9,942,500,000",Watchlist
578,DUCK,Jaya Bersama Indo Tbk.,10 Oct 2018,"1,283,330,000",Watchlist
579,GOOD,Garudafood Putra Putri Jaya Tb,10 Oct 2018,"36,897,901,455",Main
580,SKRN,Superkrane Mitra Utama Tbk.,11 Oct 2018,"7,500,000,000",Main
581,YELO,Yelooo Integra Datanet Tbk.,29 Oct 2018,"1,912,774,405",Development
582,CAKK,Cahayaputra Asa Keramik Tbk.,31 Oct 2018,"1,203,300,219",Development
583,SATU,Kota Satu Properti Tbk.,05 Nov 2018,"1,375,000,000",Development
584,SOSS,Shield On Service Tbk.,06 Nov 2018,"799,414,231",Watchlist
585,DEAL,Dewata Freightinternational Tb,11 Nov 2018,"1,146,170,959",Watchlist
586,POLA,Pool Advista Finance Tbk.,16 Nov 2018,"3,351,075,600",Watchlist
587,DIVA,Distribusi Voucher Nusantara T,27 Nov 2018,"1,428,571,400",Development
588,LUCK,Sentral Mitra Informatika Tbk.,28 Nov 2018,"715,749,640",Development
589,URBN,Urban Jakarta Propertindo Tbk.,10 Dec 2018,"3,232,122,640",Development
590,SOTS,Satria Mega Kencana Tbk.,10 Dec 2018,"1,000,003,979",Development
591,ZONE,Mega Perintis Tbk.,12 Dec 2018,"870,171,478",Development
592,PEHA,Phapros Tbk.,26 Dec 2018,"840,000,000",Development
593,FOOD,Sentra Food Indonesia Tbk.,08 Jan 2019,"650,000,000",Watchlist
594,BEEF,Estika Tata Tiara Tbk.,10 Jan 2019,"8,120,249,598",Development
595,POLI,Pollux Hotels Group Tbk.,10 Jan 2019,"2,010,526,400",Watchlist
596,CLAY,Citra Putra Realty Tbk.,18 Jan 2019,"2,570,000,000",Development
597,NATO,Surya Permata Andalan Tbk.,18 Jan 2019,"8,001,111,504",Development
598,JAYA,Armada Berjaya Trans Tbk.,21 Feb 2019,"798,499,394",Development
599,COCO,Wahana Interfood Nusantara Tbk,20 Mar 2019,"3,559,455,924",Development
600,MTPS,Meta Epsi Tbk.,10 Apr 2019,"2,084,850,829",Watchlist
601,CPRI,Capri Nusa Satu Properti Tbk.,11 Apr 2019,"2,433,379,958",Watchlist
602,HRME,Menteng Heritage Realty Tbk.,12 Apr 2019,"5,958,750,000",Watchlist
603,POSA,Bliss Properti Indonesia Tbk.,10 May 2019,"8,388,870,206",Watchlist
604,JAST,Jasnita Telekomindo Tbk.,16 May 2019,"1,082,575,738",Development
605,FITT,Hotel Fitra International Tbk.,11 Jun 2019,"1,304,272,051",Development
606,BOLA,Bali Bintang Sejahtera Tbk.,17 Jun 2019,"6,000,000,000",Main
607,CCSI,Communication Cable Systems In,18 Jun 2019,"1,333,333,331",Development
608,SFAN,Surya Fajar Capital Tbk.,19 Jun 2019,"1,359,934,021",Development
609,POLU,Golden Flower Tbk.,26 Jun 2019,"750,000,000",Development
610,KJEN,Krida Jaringan Nusantara Tbk.,01 Jul 2019,"500,000,000",Development
611,KAYU,Darmi Bersaudara Tbk.,04 Jul 2019,"665,000,000",Watchlist
612,ITIC,Indonesian Tobacco Tbk.,04 Jul 2019,"940,720,000",Development
613,PAMG,Bima Sakti Pertiwi Tbk.,05 Jul 2019,"3,125,000,000",Development
614,IPTV,MNC Vision Networks Tbk.,08 Jul 2019,"42,197,950,841",Watchlist
615,BLUE,Berkah Prima Perkasa Tbk.,08 Jul 2019,"418,000,000",Development
616,ENVY,Envy Technologies Indonesia Tb,08 Jul 2019,"1,800,000,000",Watchlist
617,EAST,Eastparc Hotel Tbk.,09 Jul 2019,"4,126,405,336",Development
618,LIFE,MSIG Life Insurance Indonesia ,09 Jul 2019,"2,100,000,000",Development
619,FUJI,Fuji Finance Indonesia Tbk.,09 Jul 2019,"1,300,000,000",Development
620,KOTA,DMS Propertindo Tbk.,09 Jul 2019,"10,546,185,701",Watchlist
621,INOV,Inocycle Technology Group Tbk.,10 Jul 2019,"1,808,221,900",Development
622,ARKA,Arkha Jayanti Persada Tbk.,10 Jul 2019,"2,000,000,000",Watchlist
623,SMKL,Satyamitra Kemas Lestari Tbk.,11 Jul 2019,"3,418,085,290",Development
624,HDIT,Hensel Davest Indonesia Tbk.,12 Jul 2019,"1,524,680,000",Development
625,KEEN,Kencana Energi Lestari Tbk.,02 Sep 2019,"3,666,312,500",Main
626,BAPI,Bhakti Agung Propertindo Tbk.,16 Sep 2019,"5,591,980,103",Watchlist
627,TFAS,Telefast Indonesia Tbk.,17 Sep 2019,"1,666,666,500",Development
628,GGRP,Gunung Raja Paksi Tbk.,19 Sep 2019,"12,111,376,157",Development
629,OPMS,Optima Prima Metal Sinergi Tbk,23 Sep 2019,"1,000,000,000",Development
630,NZIA,Nusantara Almazia Tbk.,25 Sep 2019,"2,197,540,705",Development
631,SLIS,Gaya Abadi Sempurna Tbk.,07 Oct 2019,"2,463,338,061",Development
632,PURE,Trinitan Metals and Minerals T,09 Oct 2019,"1,375,181,505",Watchlist
633,IRRA,Itama Ranoraya Tbk.,15 Oct 2019,"1,600,000,000",Development
634,DMMX,Digital Mediatama Maxima Tbk.,21 Oct 2019,"7,692,307,700",Development
635,SINI,Singaraja Putra Tbk.,08 Nov 2019,"481,000,000",Watchlist
636,WOWS,Ginting Jaya Energi Tbk.,08 Nov 2019,"2,475,720,000",Development
637,ESIP,Sinergi Inti Plastindo Tbk.,14 Nov 2019,"1,109,953,847",Development
638,TEBE,Dana Brata Luhur Tbk.,18 Nov 2019,"1,285,000,000",Main
639,KEJU,Mulia Boga Raya Tbk.,25 Nov 2019,"5,624,999,999",Main
640,PSGO,Palma Serasih Tbk.,25 Nov 2019,"18,850,000,000",Main
641,AGAR,Asia Sejahtera Mina Tbk.,02 Dec 2019,"1,000,000,000",Development
642,IFSH,Ifishdeco Tbk.,05 Dec 2019,"2,125,000,000",Development
643,REAL,Repower Asia Indonesia Tbk.,06 Dec 2019,"6,633,610,151",Development
644,IFII,Indonesia Fibreboard Industry ,10 Dec 2019,"9,412,000,000",Development
645,PMJS,Putra Mandiri Jembar Tbk.,18 Dec 2019,"13,755,600,000",Development
646,UCID,Uni-Charm Indonesia Tbk.,20 Dec 2019,"4,156,572,300",Main
647,GLVA,Galva Technologies Tbk.,23 Dec 2019,"1,500,000,000",Development
648,PGJO,Bahtera Bumi Raya Tbk.,08 Jan 2020,"795,859,095",Acceleration
649,AMAR,Bank Amar Indonesia Tbk.,09 Jan 2020,"18,197,283,760",Development
650,CSRA,Cisadane Sawit Raya Tbk.,09 Jan 2020,"2,050,000,000",Main
651,INDO,Royalindo Investa Wijaya Tbk.,13 Jan 2020,"4,480,741,638",Development
652,AMOR,Ashmore Asset Management Indon,14 Jan 2020,"2,222,222,400",Development
653,TRIN,Perintis Triniti Properti Tbk.,15 Jan 2020,"4,551,457,710",Development
654,DMND,Diamond Food Indonesia Tbk.,22 Jan 2020,"9,468,359,000",Development
655,PURA,Putra Rajawali Kencana Tbk.,29 Jan 2020,"6,301,930,902",Watchlist
656,PTPW,Pratama Widya Tbk.,07 Feb 2020,"878,187,500",Development
657,TAMA,Lancartama Sejati Tbk.,10 Feb 2020,"1,200,000,696",Watchlist
658,IKAN,Era Mandiri Cemerlang Tbk.,12 Feb 2020,"833,333,000",Development
659,SAMF,Saraswanti Anugerah Makmur Tbk,31 Mar 2020,"10,250,000,000",Main
660,SBAT,Sejahtera Bintang Abadi Textil,08 Apr 2020,"4,752,982,378",Watchlist
661,KBAG,Karya Bersama Anugerah Tbk.,08 Apr 2020,"7,150,002,603",Watchlist
662,CBMF,Cahaya Bintang Medan Tbk.,09 Apr 2020,"1,875,000,000",Watchlist
663,RONY,Aracord Nusantara Group Tbk.,09 Apr 2020,"1,250,000,000",Development
664,CSMI,Cipta Selera Murni Tbk.,09 Apr 2020,"816,061,500",Development
665,BBSS,Bumi Benowo Sukses Sejahtera T,15 Apr 2020,"4,800,016,020",Development
666,BHAT,Bhakti Multi Artha Tbk.,15 Apr 2020,"5,000,000,000",Development
667,CASH,Cashlez Worldwide Indonesia Tb,04 May 2020,"1,431,125,517",Acceleration
668,TECH,Indosterling Technomedia Tbk.,04 Jun 2020,"1,256,300,000",Watchlist
669,EPAC,Megalestari Epack Sentosaraya ,01 Jul 2020,"3,303,400,000",Watchlist
670,UANG,Pakuan Tbk.,06 Jul 2020,"1,210,000,000",Development
671,PGUN,Pradiksi Gunatama Tbk.,07 Jul 2020,"5,737,848,882",Development
672,SOFA,Boston Furniture Industries Tb,07 Jul 2020,"1,653,574,499",Acceleration
673,PPGL,Prima Globalindo Logistik Tbk.,20 Jul 2020,"771,178,020",Acceleration
674,TOYS,Sunindo Adipersada Tbk.,06 Agt 2020,"1,435,000,712",Watchlist
675,SGER,Sumber Global Energy Tbk.,10 Agt 2020,"15,586,909,438",Main
676,TRJA,Transkon Jaya Tbk.,27 Agt 2020,"1,510,200,000",Development
677,PNGO,Pinago Utama Tbk.,31 Agt 2020,"781,250,000",Main
678,SCNP,Selaras Citra Nusantara Perkas,07 Sep 2020,"2,500,000,000",Development
679,BBSI,Krom Bank Indonesia Tbk.,07 Sep 2020,"3,637,976,068",Main
680,KMDS,Kurniamitra Duta Sentosa Tbk.,07 Sep 2020,"800,000,000",Development
681,PURI,Puri Global Sukses Tbk.,08 Sep 2020,"1,000,000,000",Development
682,SOHO,Soho Global Health Tbk.,08 Sep 2020,"12,691,682,390",Development
683,HOMI,Grand House Mulia Tbk.,10 Sep 2020,"1,575,000,000",Development
684,ROCK,Rockfields Properti Indonesia ,10 Sep 2020,"1,435,185,100",Development
685,ENZO,Morenzo Abadi Perkasa Tbk.,14 Sep 2020,"2,162,547,122",Watchlist
686,PLAN,Planet Properindo Jaya Tbk.,15 Sep 2020,"896,709,596",Acceleration
687,PTDU,Djasa Ubersakti Tbk.,08 Dec 2020,"1,500,000,000",Watchlist
688,ATAP,Trimitra Prawara Goldland Tbk.,11 Dec 2020,"1,250,000,000",Watchlist
689,VICI,Victoria Care Indonesia Tbk.,17 Dec 2020,"6,708,000,000",Main
690,PMMP,Panca Mitra Multiperdana Tbk.,18 Dec 2020,"2,588,300,000",Watchlist
691,BANK,Bank Aladin Syariah Tbk.,01 Feb 2021,"14,621,943,954",Development
692,WMUU,Widodo Makmur Unggas Tbk.,02 Feb 2021,"12,941,176,500",Watchlist
693,EDGE,Indointernet Tbk.,08 Feb 2021,"2,020,250,000",Development
694,UNIQ,Ulima Nitra Tbk.,08 Mar 2021,"3,138,983,000",Main
695,BEBS,Berkah Beton Sadaya Tbk.,10 Mar 2021,"45,000,000,000",Watchlist
696,SNLK,Sunter Lakeside Hotel Tbk.,29 Mar 2021,"450,000,000",Development
697,ZYRX,Zyrexindo Mandiri Buana Tbk.,30 Mar 2021,"1,333,334,556",Development
698,LFLO,Imago Mulia Persada Tbk.,07 Apr 2021,"1,307,734,937",Acceleration
699,FIMP,Fimperkasa Utama Tbk.,09 Apr 2021,"400,000,975",Watchlist
700,TAPG,Triputra Agro Persada Tbk.,12 Apr 2021,"19,852,540,000",Main
701,NPGF,Nusa Palapa Gemilang Tbk.,14 Apr 2021,"3,240,235,840",Development
702,LUCY,Lima Dua Lima Tiga Tbk.,05 May 2021,"1,514,773,893",Watchlist
703,ADCP,Adhi Commuter Properti Tbk.,21 May 2021,"22,222,222,200",Development
704,HOPE,Harapan Duta Pertiwi Tbk.,24 May 2021,"2,130,360,203",Development
705,MGLV,Panca Anugrah Wisesa Tbk.,08 Jun 2021,"1,904,883,411",Acceleration
706,TRUE,Triniti Dinamik Tbk.,10 Jun 2021,"7,571,107,860",Watchlist
707,LABA,Green Power Group Tbk.,10 Jun 2021,"1,103,402,553",Development
708,ARCI,Archi Indonesia Tbk.,28 Jun 2021,"25,235,000,000",Development
709,IPAC,Era Graharealty Tbk.,30 Jun 2021,"949,868,500",Acceleration
710,MASB,Bank Multiarta Sentosa Tbk.,30 Jun 2021,"1,387,737,233",Development
711,BMHS,Bundamedik Tbk.,06 Jul 2021,"8,603,416,176",Main
712,FLMC,Falmaco Nonwoven Industri Tbk.,08 Jul 2021,"781,250,000",Acceleration
713,NICL,PAM Mineral Tbk.,09 Jul 2021,"10,635,644,907",Development
714,UVCR,Trimegah Karya Pratama Tbk.,27 Jul 2021,"2,000,144,838",Development
715,BUKA,Bukalapak.com Tbk.,06 Agt 2021,"103,148,706,067",Ekonomi Baru
716,HAIS,Hasnur Internasional Shipping ,01 Sep 2021,"2,626,250,000",Development
717,OILS,Indo Oil Perkasa Tbk.,06 Sep 2021,"454,056,563",Development
718,GPSO,Geoprima Solusi Tbk.,06 Sep 2021,"666,741,103",Development
719,MCOL,Prima Andalan Mandiri Tbk.,07 Sep 2021,"3,555,560,000",Main
720,RSGK,Kedoya Adyaraya Tbk.,08 Sep 2021,"929,675,000",Watchlist
721,RUNS,Global Sukses Solusi Tbk.,08 Sep 2021,"983,557,875",Acceleration
722,SBMA,Surya Biru Murni Acetylene Tbk,08 Sep 2021,"929,926,282",Development
723,CMNT,Cemindo Gemilang Tbk.,08 Sep 2021,"17,125,504,000",Development
724,GTSI,GTS Internasional Tbk.,08 Sep 2021,"15,819,142,767",Watchlist
725,IDEA,Idea Indonesia Akademi Tbk.,09 Sep 2021,"1,062,437,500",Acceleration
726,KUAS,Ace Oldfields Tbk.,25 Oct 2021,"1,292,808,150",Development
727,BOBA,Formosa Ingredient Factory Tbk,01 Nov 2021,"1,155,750,000",Development
728,MTEL,Dayamitra Telekomunikasi Tbk.,22 Nov 2021,"83,559,677,444",Main
729,DEPO,Caturkarda Depo Bangunan Tbk.,25 Nov 2021,"6,790,000,000",Development
730,BINO,Perma Plasindo Tbk.,25 Nov 2021,"2,275,316,111",Development
731,CMRY,Cisarua Mountain Dairy Tbk.,06 Dec 2021,"7,934,683,000",Main
732,WGSH,Wira Global Solusi Tbk.,06 Dec 2021,"1,042,500,000",Acceleration
733,TAYS,Jaya Swarasa Agung Tbk.,06 Dec 2021,"1,098,920,000",Development
734,WMPP,Widodo Makmur Perkasa Tbk.,06 Dec 2021,"29,419,000,000",Watchlist
735,RMKE,RMK Energy Tbk.,07 Dec 2021,"4,375,000,000",Main
736,OBMD,OBM Drilchem Tbk.,08 Dec 2021,"805,992,931",Development
737,AVIA,Avia Avian Tbk.,08 Dec 2021,"61,953,555,600",Main
738,IPPE,Indo Pureco Pratama Tbk.,09 Dec 2021,"4,600,000,000",Watchlist
739,NASI,Wahana Inti Makmur Tbk.,13 Dec 2021,"807,400,000",Development
740,BSML,Bintang Samudera Mandiri Lines,16 Dec 2021,"1,850,225,000",Development
741,DRMA,Dharma Polimetal Tbk.,20 Dec 2021,"4,705,882,300",Main
742,ADMR,Alamtri Minerals Indonesia Tbk,03 Jan 2022,"40,882,331,500",Main
743,SEMA,Semacom Integrated Tbk.,10 Jan 2022,"1,347,258,842",Development
744,ASLC,Autopedia Sukses Lestari Tbk.,25 Jan 2022,"12,746,354,780",Development
745,NETV,MDTV Media Technologies Tbk.,26 Jan 2022,"41,360,517,722",Development
746,BAUT,Mitra Angkasa Sejahtera Tbk.,28 Jan 2022,"4,800,182,969",Watchlist
747,ENAK,Champ Resto Indonesia Tbk.,08 Feb 2022,"2,166,666,800",Development
748,NTBK,Nusatama Berkah Tbk.,09 Feb 2022,"2,700,064,877",Development
749,SMKM,Sumber Mas Konstruksi Tbk.,09 Mar 2022,"1,253,000,000",Acceleration
750,STAA,Sumber Tani Agung Resources Tb,10 Mar 2022,"10,903,372,600",Main
751,NANO,Nanotech Indonesia Global Tbk.,10 Mar 2022,"4,285,440,269",Acceleration
752,BIKE,Sepeda Bersama Indonesia Tbk.,21 Mar 2022,"1,293,916,404",Development
753,WIRG,WIR ASIA Tbk.,04 Apr 2022,"11,938,622,394",Development
754,SICO,Sigma Energy Compressindo Tbk.,08 Apr 2022,"910,077,764",Development
755,GOTO,GoTo Gojek Tokopedia Tbk.,11 Apr 2022,"1,140,573,267,220",Ekonomi Baru
756,TLDN,Teladan Prima Agro Tbk.,12 Apr 2022,"12,946,530,200",Development
757,MTMH,Murni Sadar Tbk.,20 Apr 2022,"2,068,526,950",Main
758,WINR,Winner Nusantara Jaya Tbk.,25 Apr 2022,"5,235,316,030",Watchlist
759,IBOS,Indo Boga Sukses Tbk.,25 Apr 2022,"8,065,789,529",Acceleration
760,OLIV,Oscar Mitra Sukses Sejahtera T,17 May 2022,"1,900,073,314",Acceleration
761,ASHA,Cilacap Samudera Fishing Indus,27 May 2022,"5,000,000,000",Development
762,SWID,Saraswanti Indoland Developmen,07 Jul 2022,"5,385,019,201",Development
763,TRGU,Cerestar Indonesia Tbk.,08 Jul 2022,"7,945,412,700",Main
764,ARKO,Arkora Hydro Tbk.,08 Jul 2022,"2,928,495,000",Watchlist
765,CHEM,Chemstar Indonesia Tbk.,08 Jul 2022,"1,700,014,594",Development
766,DEWI,Dewi Shri Farmindo Tbk.,18 Jul 2022,"2,000,000,000",Development
767,AXIO,Tera Data Indonusa Tbk.,20 Jul 2022,"5,840,126,500",Development
768,KRYA,Bangun Karya Perkasa Jaya Tbk.,25 Jul 2022,"1,663,943,474",Development
769,HATM,Habco Trans Maritima Tbk.,26 Jul 2022,"8,680,000,000",Main
770,RCCC,Utama Radar Cahaya Tbk.,02 Agt 2022,"787,500,000",Acceleration
771,GULA,Aman Agrindo Tbk.,03 Agt 2022,"1,070,362,500",Development
772,JARR,Jhonlin Agro Raya Tbk.,04 Agt 2022,"9,230,665,050",Main
773,AMMS,Agung Menjangan Mas Tbk.,04 Agt 2022,"1,235,296,802",Acceleration
774,RAFI,Sari Kreasi Boga Tbk.,05 Agt 2022,"3,128,140,475",Watchlist
775,KKES,Kusuma Kemindo Sentosa Tbk.,08 Agt 2022,"1,500,000,000",Watchlist
776,ELPI,Pelayaran Nasional Ekalya Purn,08 Agt 2022,"7,412,000,000",Main
777,EURO,Estee Gold Feet Tbk.,08 Agt 2022,"2,548,826,428",Acceleration
778,KLIN,Klinko Karya Imaji Tbk.,09 Agt 2022,"1,307,530,330",Acceleration
779,TOOL,Rohartindo Nusantara Luas Tbk.,09 Agt 2022,"2,050,020,320",Development
780,BUAH,Segar Kumala Indonesia Tbk.,09 Agt 2022,"2,000,000,000",Development
781,CRAB,Toba Surimi Industries Tbk.,10 Agt 2022,"1,950,000,000",Development
782,MEDS,Hetzer Medical Indonesia Tbk.,10 Agt 2022,"1,562,500,000",Development
783,COAL,Black Diamond Resources Tbk.,07 Sep 2022,"6,250,000,000",Development
784,PRAY,Famon Awal Bros Sedaya Tbk.,08 Nov 2022,"13,959,422,300",Development
785,CBUT,Citra Borneo Utama Tbk.,08 Nov 2022,"3,125,000,000",Development
786,BELI,Global Digital Niaga Tbk.,08 Nov 2022,"134,855,850,689",Ekonomi Baru
787,MKTR,Menthobi Karyatama Raya Tbk.,08 Nov 2022,"12,060,428,584",Main
788,OMED,Jayamas Medica Industri Tbk.,08 Nov 2022,"27,058,850,000",Main
789,BSBK,Wulandari Bangun Laksana Tbk.,08 Nov 2022,"25,091,882,375",Development
790,PDPP,Primadaya Plastisindo Tbk.,09 Nov 2022,"3,061,341,438",Development
791,KDTN,Puri Sentul Permai Tbk.,09 Nov 2022,"1,250,023,298",Development
792,ZATA,Bersama Zatta Jaya Tbk.,10 Nov 2022,"8,496,000,000",Development
793,NINE,Techno9 Indonesia Tbk.,05 Dec 2022,"2,157,000,000",Acceleration
794,MMIX,Multi Medika Internasional Tbk,06 Dec 2022,"4,800,425,380",Development
795,PADA,Personel Alih Daya Tbk.,08 Dec 2022,"3,150,000,000",Watchlist
796,ISAP,Isra Presisi Indonesia Tbk.,09 Dec 2022,"4,020,223,286",Acceleration
797,VTNY,Venteny Fortuna International ,15 Dec 2022,"6,265,193,445",Development
798,SOUL,Mitra Tirta Buwana Tbk.,06 Jan 2023,"1,082,526,223",Acceleration
799,ELIT,Data Sinergitama Jaya Tbk.,06 Jan 2023,"2,031,643,057",Development
800,BEER,Jobubu Jarum Minahasa Tbk.,06 Jan 2023,"4,000,000,000",Development
801,CBPE,Citra Buana Prasida Tbk.,06 Jan 2023,"1,356,250,000",Development
802,SUNI,Sunindo Pratama Tbk.,09 Jan 2023,"2,500,000,000",Main
803,CBRE,Cakra Buana Resources Energi T,09 Jan 2023,"4,538,067,441",Development
804,WINE,Hatten Bali Tbk.,10 Jan 2023,"2,710,000,000",Development
805,BMBL,Lavender Bina Cendikia Tbk.,11 Jan 2023,"1,030,080,995",Acceleration
806,PEVE,Penta Valent Tbk.,24 Jan 2023,"1,765,625,000",Development
807,LAJU,Jasa Berdikari Logistics Tbk.,27 Jan 2023,"2,149,942,974",Development
808,FWCT,Wijaya Cahaya Timber Tbk.,01 Feb 2023,"1,963,000,000",Development
809,NAYZ,Hassana Boga Sejahtera Tbk.,06 Feb 2023,"2,550,011,472",Acceleration
810,IRSX,Folago Global Nusantara Tbk.,07 Feb 2023,"6,195,047,377",Development
811,PACK,Abadi Nusantara Hijau Investam,08 Feb 2023,"1,597,398,988",Acceleration
812,VAST,Vastland Indonesia Tbk.,08 Feb 2023,"3,055,722,476",Development
813,CHIP,Pelita Teknologi Global Tbk.,08 Feb 2023,"806,000,000",Acceleration
814,HALO,Haloni Jane Tbk.,08 Feb 2023,"5,925,054,199",Development
815,KING,Hoffmen Cleanindo Tbk.,16 Feb 2023,"2,601,229,701",Acceleration
816,PGEO,Pertamina Geothermal Energy Tb,24 Feb 2023,"41,815,763,396",Main
817,FUTR,Futura Energi Global Tbk.,27 Feb 2023,"6,635,551,959",Development
818,HILL,Hillcon Tbk.,01 Mar 2023,"14,741,500,000",Main
819,BDKR,Berdikari Pondasi Perkasa Tbk.,03 Mar 2023,"4,725,101,522",Main
820,PTMP,Mitra Pack Tbk.,06 Mar 2023,"3,169,200,000",Development
821,SAGE,Saptausaha Gemilangindah Tbk.,08 Mar 2023,"8,033,527,260",Watchlist
822,TRON,Teknologi Karya Digital Nusa T,08 Mar 2023,"2,951,328,448",Watchlist
823,CUAN,Petrindo Jaya Kreasi Tbk.,08 Mar 2023,"112,418,900,000",Main
824,NSSS,Nusantara Sawit Sejahtera Tbk.,10 Mar 2023,"23,801,568,645",Development
825,GTRA,Grahaprima Suksesmandiri Tbk.,30 Mar 2023,"1,894,375,000",Development
826,HAJJ,Arsy Buana Travelindo Tbk.,05 Apr 2023,"2,468,292,798",Acceleration
827,JATI,Informasi Teknologi Indonesia ,08 May 2023,"3,262,520,106",Development
828,TYRE,King Tire Indonesia Tbk.,08 May 2023,"3,480,581,727",Development
829,MPXL,MPX Logistics International Tb,09 May 2023,"2,000,014,587",Development
830,SMIL,Sarana Mitra Luas Tbk.,12 May 2023,"8,751,668,239",Main
831,KLAS,Pelayaran Kurnia Lautan Semest,12 Jun 2023,"3,644,415,975",Development
832,MAXI,Maxindo Karya Anugerah Tbk.,12 Jun 2023,"9,610,099,981",Development
833,VKTR,VKTR Teknologi Mobilitas Tbk.,19 Jun 2023,"43,750,000,000",Development
834,RELF,Graha Mitra Asia Tbk.,22 Jun 2023,"5,727,832,195",Acceleration
835,AMMN,Amman Mineral Internasional Tb,07 Jul 2023,"72,518,217,656",Main
836,CRSN,Carsurin Tbk.,10 Jul 2023,"2,892,000,000",Development
837,GRPM,Graha Prima Mentari Tbk.,10 Jul 2023,"1,545,083,983",Acceleration
838,WIDI,Widiant Jaya Krenindo Tbk.,10 Jul 2023,"1,600,031,683",Acceleration
839,TGUK,Platinum Wahab Nusantara Tbk.,10 Jul 2023,"3,571,451,815",Watchlist
840,INET,Sinergi Inti Andalan Prima Tbk,24 Jul 2023,"9,572,352,156",Development
841,MAHA,Mandiri Herindo Adiperkasa Tbk,25 Jul 2023,"16,666,000,000",Main
842,RMKO,Royaltama Mulia Kontraktorindo,31 Jul 2023,"1,250,000,000",Development
843,CNMA,Nusantara Sejahtera Raya Tbk.,02 Agt 2023,"83,345,000,000",Development
844,FOLK,Multi Garam Utama Tbk.,07 Agt 2023,"3,948,141,464",Development
845,HBAT,Minahasa Membangun Hebat Tbk.,07 Agt 2023,"1,040,740,800",Acceleration
846,GRIA,Ingria Pratama Capitalindo Tbk,08 Agt 2023,"7,375,720,674",Development
847,PPRI,Paperocks Indonesia Tbk.,08 Agt 2023,"1,075,027,288",Development
848,ERAL,Sinar Eka Selaras Tbk.,08 Agt 2023,"5,187,500,000",Main
849,CYBR,ITSEC Asia Tbk.,08 Agt 2023,"6,660,344,156",Development
850,MUTU,Mutuagung Lestari Tbk.,09 Agt 2023,"3,142,950,585",Development
851,LMAX,Lupromax Pelumas Indonesia Tbk,09 Agt 2023,"650,008,775",Acceleration
852,HUMI,Humpuss Maritim Internasional ,09 Agt 2023,"18,046,878,100",Development
853,MSIE,Multisarana Intan Eduka Tbk.,10 Agt 2023,"1,460,007,754",Acceleration
854,RSCH,Charlie Hospital Semarang Tbk.,28 Agt 2023,"2,650,000,000",Development
855,BABY,Multitrend Indo Tbk.,07 Sep 2023,"2,616,226,706",Development
856,AEGS,Anugerah Spareparts Sejahtera ,11 Sep 2023,"1,006,080,721",Acceleration
857,IOTF,Sumber Sinergi Makmur Tbk.,06 Oct 2023,"5,290,298,067",Development
858,KOCI,Kokoh Exa Nusantara Tbk.,07 Oct 2023,"4,415,602,251",Development
859,PTPS,Pulau Subur Tbk.,09 Oct 2023,"2,167,514,856",Development
860,BREN,Barito Renewables Energy Tbk.,09 Oct 2023,"133,786,220,000",Main
861,STRK,Lovina Beach Brewery Tbk.,10 Oct 2023,"10,721,835,562",Development
862,KOKA,Koka Indonesia Tbk.,11 Oct 2023,"2,861,333,000",Development
863,LOPI,Logisticsplus International Tb,11 Oct 2023,"1,100,011,289",Acceleration
864,UDNG,Agro Bahari Nusantara Tbk.,31 Oct 2023,"1,750,040,072",Acceleration
865,RGAS,Kian Santang Muliatama Tbk.,08 Nov 2023,"1,459,234,110",Development
866,MSTI,Mastersystem Infotama Tbk.,08 Nov 2023,"3,139,416,200",Main
867,IKPM,Ikapharmindo Putramas Tbk.,08 Nov 2023,"1,684,662,500",Development
868,AYAM,Janu Putra Sejahtera Tbk.,30 Nov 2023,"4,000,000,000",Watchlist
869,SURI,Maja Agung Latexindo Tbk.,07 Dec 2023,"6,334,375,000",Development
870,ASLI,Asri Karya Lestari Tbk.,05 Jan 2024,"6,250,000,000",Watchlist
871,GRPH,Griptha Putra Persada Tbk.,17 Jan 2024,"1,000,000,000",Development
872,SMGA,Sumber Mineral Global Abadi Tb,30 Jan 2024,"8,750,000,000",Development
873,UNTD,Terang Dunia Internusa Tbk.,07 Feb 2024,"6,666,666,700",Development
874,TOSK,Topindo Solusi Komunika Tbk.,07 Feb 2024,"4,375,277,300",Development
875,MPIX,Mitra Pedagang Indonesia Tbk.,07 Feb 2024,"1,562,565,838",Development
876,ALII,Ancara Logistics Indonesia Tbk,07 Feb 2024,"15,825,800,000",Main
877,MKAP,Multikarya Asia Pasifik Raya T,12 Feb 2024,"3,250,000,000",Development
878,MEJA,Harta Djaya Karya Tbk.,12 Feb 2024,"1,923,470,665",Acceleration
879,LIVE,Homeco Victoria Makmur Tbk.,12 Feb 2024,"4,593,005,014",Development
880,HYGN,Ecocare Indo Pasifik Tbk.,13 Feb 2024,"2,525,000,000",Development
881,BAIK,Bersama Mencapai Puncak Tbk.,15 Feb 2024,"1,125,006,456",Development
882,VISI,Satu Visi Putra Tbk.,27 Feb 2024,"3,075,000,000",Development
883,AREA,Dunia Virtual Online Tbk.,01 Apr 2024,"2,539,601,000",Development
884,MHKI,Multi Hanna Kreasindo Tbk.,16 Apr 2024,"3,750,000,000",Development
885,ATLA,Atlantis Subsea Indonesia Tbk.,16 Apr 2024,"6,199,577,693",Development
886,DATA,Remala Abadi Tbk.,07 May 2024,"1,375,000,000",Development
887,SOLA,Xolare RCR Energy Tbk.,08 May 2024,"3,284,500,000",Development
888,BATR,Benteng Api Technic Tbk.,10 Jun 2024,"3,025,037,353",Development
889,SPRE,Soraya Berjaya Indonesia Tbk.,03 Jul 2024,"800,000,000",Acceleration
890,PART,Cipta Perdana Lancar Tbk.,05 Jul 2024,"2,742,063,868",Development
891,GOLF,Intra Golflink Resorts Tbk.,08 Jul 2024,"19,486,760,000",Main
892,ISEA,Indo American Seafoods Tbk.,08 Jul 2024,"1,390,013,370",Development
893,BLES,Superior Prima Sukses Tbk.,08 Jul 2024,"8,890,206,400",Development
894,GUNA,Gunanusa Eramandiri Tbk.,09 Jul 2024,"2,500,000,000",Development
895,LABS,UBC Medical Indonesia Tbk.,10 Jul 2024,"3,950,000,000",Development
896,DOSS,Global Sukses Digital Tbk.,07 Agt 2024,"1,725,000,000",Development
897,NEST,Esta Indonesia Tbk.,08 Agt 2024,"4,112,500,000",Development
898,PTMR,Master Print Tbk.,08 Oct 2024,"1,907,000,000",Watchlist
899,VERN,Verona Indah Pictures Tbk.,08 Oct 2024,"4,765,648,183",Development
900,DAAZ,Daaz Bara Lestari Tbk.,11 Nov 2024,"1,997,000,000",Main
901,BOAT,Newport Marine Services Tbk.,12 Nov 2024,"3,501,680,000",Development
902,NAIK,Adiwarna Anugerah Abadi Tbk.,13 Nov 2024,"3,327,301,468",Development
903,AADI,Adaro Andalan Indonesia Tbk.,05 Dec 2024,"7,786,891,760",Main
904,MDIY,Daya Intiguna Yasa Tbk.,19 Dec 2024,"25,190,392,000",Main
905,KSIX,Kentanix Supra International T,08 Jan 2025,"2,137,831,800",Development
906,RATU,Raharja Energi Cepu Tbk.,08 Jan 2025,"2,715,053,800",Development
907,YOII,Asuransi Digital Bersama Tbk.,08 Jan 2025,"3,424,687,500",Development
908,HGII,Hero Global Investment Tbk.,09 Jan 2025,"6,500,000,000",Development
909,BRRC,Raja Roti Cemerlang Tbk.,09 Jan 2025,"971,535,426",Development
910,DGWG,Delta Giri Wacana Tbk.,13 Jan 2025,"5,882,353,000",Main
911,CBDK,Bangun Kosambi Sukses Tbk.,13 Jan 2025,"5,668,944,500",Main
912,OBAT,Brigit Biofarmaka Teknologi Tb,13 Jan 2025,"622,119,792",Development
913,MINE,Sinar Terang Mandiri Tbk.,10 Mar 2025,"4,084,435,300",Main
914,ASPR,Asia Pramulia Tbk.,08 Jul 2025,"2,712,000,000",Development
915,PSAT,Pancaran Samudera Transport Tb,08 Jul 2025,"1,482,353,000",Main
916,COIN,Indokripto Koin Semesta Tbk.,09 Jul 2025,"14,705,882,400",Development
917,CDIA,Chandra Daya Investasi Tbk.,09 Jul 2025,"124,829,374,700",Development
918,BLOG,Trimitra Trans Persada Tbk.,10 Jul 2025,"3,379,487,200",Main
919,MERI,Merry Riana Edukasi Tbk.,10 Jul 2025,"1,035,132,500",Development
920,CHEK,Diastika Biotekindo Tbk.,10 Jul 2025,"4,113,331,485",Development
921,PMUI,Prima Multi Usaha Indonesia Tb,10 Jul 2025,"5,800,000,000",Development
922,EMAS,Merdeka Gold Resources Tbk.,23 Sep 2025,"16,180,232,675",Development
923,PJHB,Pelayaran Jaya Hidup Baru Tbk.,06 Nov 2025,"1,920,000,000",Development
924,RLCO,Abadi Lestari Indonesia Tbk.,08 Dec 2025,"3,125,000,000",Development
925,SUPA,Super Bank Indonesia Tbk.,17 Dec 2025,"33,558,047,450",Development
926,KAQI,Jantra Grupo Indonesia Tbk.,10 Mar 2025,"2,075,800,000",Development
927,YUPI,Yupi Indo Jelly Gum Tbk.,25 Mar 2025,"8,544,488,700",Main
928,FORE,Fore Kopi Indonesia Tbk.,14 Apr 2025,"8,918,359,270",Development
929,MDLA,Medela Potentia Tbk.,15 Apr 2025,"14,012,825,000",Main
930,DKHH,Cipta Sarana Medika Tbk.,08 May 2025,"2,550,069,932",Development
931,AYLS,Agro Yasa Lestari Tbk.,12 Feb 2020,"853,423,236",Development
932,DADA,Diamond Citra Propertindo Tbk.,14 Feb 2020,"7,431,530,800",Development
933,ASPI,Andalan Sakti Primaindo Tbk.,17 Feb 2020,"681,823,317",Development
934,ESTA,Esta Multi Usaha Tbk.,09 Mar 2020,"2,425,354,179",Development
935,BESS,Batulicin Nusantara Maritim Tb,09 Mar 2020,"3,440,455,528",Development
936,AMAN,Makmur Berkah Amanda Tbk.,13 Mar 2020,"3,873,500,000",Development
937,CARE,Metro Healthcare Indonesia Tbk,13 Mar 2020,"33,250,000,000",Development
938,PIPA,Multi Makmur Lemindo Tbk.,10 Apr 2023,"3,426,097,190",Development
939,NCKL,Trimegah Bangun Persada Tbk.,12 Apr 2023,"63,098,600,000",Main
940,MENN,Menn Teknologi Indonesia Tbk.,18 Apr 2023,"1,434,052,006",Acceleration
941,AWAN,Era Digital Media Tbk.,18 Apr 2023,"3,435,000,000",Development
942,MBMA,Merdeka Battery Materials Tbk.,18 Apr 2023,"107,995,419,900",Main
943,RAAM,Tripar Multivision Plus Tbk.,08 May 2023,"6,813,620,000",Main
944,DOOH,Era Media Sejahtera Tbk.,08 May 2023,"7,738,891,036",Development
945,CGAS,Citra Nusantara Gemilang Tbk.,08 Jan 2024,"1,771,499,039",Development
946,NICE,Adhi Kartiko Pratama Tbk.,09 Jan 2024,"6,082,020,000",Development
947,MSJA,Multi Spunindo Jaya Tbk.,10 Jan 2024,"5,882,352,900",Development
948,SMLE,Sinergi Multi Lestarindo Tbk.,10 Jan 2024,"2,328,153,048",Development
949,ACRO,Samcro Hyosung Adilestari Tbk.,11 Jan 2024,"3,469,207,931",Development
950,MANG,Manggung Polahraya Tbk.,11 Jan 2024,"3,812,515,744",Acceleration
951,WIFI,Solusi Sinergi Digital Tbk.,30 Dec 2020,"5,308,549,015",Development
952,FAPA,FAP Agri Tbk.,04 Jan 2021,"3,629,411,800",Development
953,DCII,DCI Indonesia Tbk.,06 Jan 2021,"2,383,745,900",Development
954,KETR,Ketrosden Triasmitra Tbk.,11 Jan 2021,"2,841,262,838",Development
955,DGNS,Diagnos Laboratorium Utama Tbk,15 Jan 2021,"1,250,000,000",Development
956,UFOE,Damai Sejahtera Abadi Tbk.,01 Feb 2021,"2,898,261,693",Development
